identifier,defined_in_phase,referenced_in_phases,reference_count,source_repository,source_commit,reconciliation_status,jira_key,ketryx_id,linear_id,implementation_commit_path,evidence_reference,decision_reference,notes
D-01,0,1;2;4,17,Arepo-Medtech/makoha-spec,974352db0acb01a8dcf0c421bcd4316ddfc889a8,UNASSESSED,,,,,,,Docpipe family/phase heuristic; verify semantic definition and scope.
D-02,0,1;5,14,Arepo-Medtech/makoha-spec,974352db0acb01a8dcf0c421bcd4316ddfc889a8,UNASSESSED,,,,,,,Docpipe family/phase heuristic; verify semantic definition and scope.
D-03,0,1;2,16,Arepo-Medtech/makoha-spec,974352db0acb01a8dcf0c421bcd4316ddfc889a8,UNASSESSED,,,,,,,Docpipe family/phase heuristic; verify semantic definition and scope.
D-04,0,1,11,Arepo-Medtech/makoha-spec,974352db0acb01a8dcf0c421bcd4316ddfc889a8,UNASSESSED,,,,,,,Docpipe family/phase heuristic; verify semantic definition and scope.
D-05,0,1;5,21,Arepo-Medtech/makoha-spec,974352db0acb01a8dcf0c421bcd4316ddfc889a8,UNASSESSED,,,,,,,Docpipe family/phase heuristic; verify semantic definition and scope.
D-06,0,1;2,9,Arepo-Medtech/makoha-spec,974352db0acb01a8dcf0c421bcd4316ddfc889a8,UNASSESSED,,,,,,,Docpipe family/phase heuristic; verify semantic definition and scope.
D-07,0,1;2;4,10,Arepo-Medtech/makoha-spec,974352db0acb01a8dcf0c421bcd4316ddfc889a8,UNASSESSED,,,,,,,Docpipe family/phase heuristic; verify semantic definition and scope.
D-08,0,1;2;3;4;5,11,Arepo-Medtech/makoha-spec,974352db0acb01a8dcf0c421bcd4316ddfc889a8,UNASSESSED,,,,,,,Docpipe family/phase heuristic; verify semantic definition and scope.
D-09,0,1,7,Arepo-Medtech/makoha-spec,974352db0acb01a8dcf0c421bcd4316ddfc889a8,UNASSESSED,,,,,,,Docpipe family/phase heuristic; verify semantic definition and scope.
D-10,0,1,3,Arepo-Medtech/makoha-spec,974352db0acb01a8dcf0c421bcd4316ddfc889a8,UNASSESSED,,,,,,,Docpipe family/phase heuristic; verify semantic definition and scope.
D-11,0,1;2;4,13,Arepo-Medtech/makoha-spec,974352db0acb01a8dcf0c421bcd4316ddfc889a8,UNASSESSED,,,,,,,Docpipe family/phase heuristic; verify semantic definition and scope.
CCR-01,1,2;7,3,Arepo-Medtech/makoha-spec,974352db0acb01a8dcf0c421bcd4316ddfc889a8,UNASSESSED,,,,,,,Docpipe family/phase heuristic; verify semantic definition and scope.
CCR-04,1,2;7,4,Arepo-Medtech/makoha-spec,974352db0acb01a8dcf0c421bcd4316ddfc889a8,UNASSESSED,,,,,,,Docpipe family/phase heuristic; verify semantic definition and scope.
OCR-01,1,2;3;4;7,6,Arepo-Medtech/makoha-spec,974352db0acb01a8dcf0c421bcd4316ddfc889a8,UNASSESSED,,,,,,,Docpipe family/phase heuristic; verify semantic definition and scope.
OCR-03,1,2;3;7,5,Arepo-Medtech/makoha-spec,974352db0acb01a8dcf0c421bcd4316ddfc889a8,UNASSESSED,,,,,,,Docpipe family/phase heuristic; verify semantic definition and scope.
NER-01,1,,0,Arepo-Medtech/makoha-spec,974352db0acb01a8dcf0c421bcd4316ddfc889a8,UNASSESSED,,,,,,,Docpipe family/phase heuristic; verify semantic definition and scope.
LED-03,1,,0,Arepo-Medtech/makoha-spec,974352db0acb01a8dcf0c421bcd4316ddfc889a8,UNASSESSED,,,,,,,Docpipe family/phase heuristic; verify semantic definition and scope.
CCR-02,1,2,2,Arepo-Medtech/makoha-spec,974352db0acb01a8dcf0c421bcd4316ddfc889a8,UNASSESSED,,,,,,,Docpipe family/phase heuristic; verify semantic definition and scope.
G-01,1,2,5,Arepo-Medtech/makoha-spec,974352db0acb01a8dcf0c421bcd4316ddfc889a8,UNASSESSED,,,,,,,Docpipe family/phase heuristic; verify semantic definition and scope.
G-02,1,,5,Arepo-Medtech/makoha-spec,974352db0acb01a8dcf0c421bcd4316ddfc889a8,UNASSESSED,,,,,,,Docpipe family/phase heuristic; verify semantic definition and scope.
G-03,1,,3,Arepo-Medtech/makoha-spec,974352db0acb01a8dcf0c421bcd4316ddfc889a8,UNASSESSED,,,,,,,Docpipe family/phase heuristic; verify semantic definition and scope.
G-04,1,,2,Arepo-Medtech/makoha-spec,974352db0acb01a8dcf0c421bcd4316ddfc889a8,UNASSESSED,,,,,,,Docpipe family/phase heuristic; verify semantic definition and scope.
G-05,1,,3,Arepo-Medtech/makoha-spec,974352db0acb01a8dcf0c421bcd4316ddfc889a8,UNASSESSED,,,,,,,Docpipe family/phase heuristic; verify semantic definition and scope.
G-06,1,,0,Arepo-Medtech/makoha-spec,974352db0acb01a8dcf0c421bcd4316ddfc889a8,UNASSESSED,,,,,,,Docpipe family/phase heuristic; verify semantic definition and scope.
G-07,1,,0,Arepo-Medtech/makoha-spec,974352db0acb01a8dcf0c421bcd4316ddfc889a8,UNASSESSED,,,,,,,Docpipe family/phase heuristic; verify semantic definition and scope.
G-08,1,,0,Arepo-Medtech/makoha-spec,974352db0acb01a8dcf0c421bcd4316ddfc889a8,UNASSESSED,,,,,,,Docpipe family/phase heuristic; verify semantic definition and scope.
G-09,1,,0,Arepo-Medtech/makoha-spec,974352db0acb01a8dcf0c421bcd4316ddfc889a8,UNASSESSED,,,,,,,Docpipe family/phase heuristic; verify semantic definition and scope.
G-10,1,2;3;4,4,Arepo-Medtech/makoha-spec,974352db0acb01a8dcf0c421bcd4316ddfc889a8,UNASSESSED,,,,,,,Docpipe family/phase heuristic; verify semantic definition and scope.
NG-01,1,2;3;5,4,Arepo-Medtech/makoha-spec,974352db0acb01a8dcf0c421bcd4316ddfc889a8,UNASSESSED,,,,,,,Docpipe family/phase heuristic; verify semantic definition and scope.
NG-02,1,2;3;5,5,Arepo-Medtech/makoha-spec,974352db0acb01a8dcf0c421bcd4316ddfc889a8,UNASSESSED,,,,,,,Docpipe family/phase heuristic; verify semantic definition and scope.
NG-03,1,2;3;5,3,Arepo-Medtech/makoha-spec,974352db0acb01a8dcf0c421bcd4316ddfc889a8,UNASSESSED,,,,,,,Docpipe family/phase heuristic; verify semantic definition and scope.
NG-04,1,3;5,2,Arepo-Medtech/makoha-spec,974352db0acb01a8dcf0c421bcd4316ddfc889a8,UNASSESSED,,,,,,,Docpipe family/phase heuristic; verify semantic definition and scope.
NG-05,1,2;3;5,3,Arepo-Medtech/makoha-spec,974352db0acb01a8dcf0c421bcd4316ddfc889a8,UNASSESSED,,,,,,,Docpipe family/phase heuristic; verify semantic definition and scope.
LED-04,1,,0,Arepo-Medtech/makoha-spec,974352db0acb01a8dcf0c421bcd4316ddfc889a8,UNASSESSED,,,,,,,Docpipe family/phase heuristic; verify semantic definition and scope.
ENG-02,1,,0,Arepo-Medtech/makoha-spec,974352db0acb01a8dcf0c421bcd4316ddfc889a8,UNASSESSED,,,,,,,Docpipe family/phase heuristic; verify semantic definition and scope.
ARG-01,1,,0,Arepo-Medtech/makoha-spec,974352db0acb01a8dcf0c421bcd4316ddfc889a8,UNASSESSED,,,,,,,Docpipe family/phase heuristic; verify semantic definition and scope.
V-00,1,,0,Arepo-Medtech/makoha-spec,974352db0acb01a8dcf0c421bcd4316ddfc889a8,UNASSESSED,,,,,,,Docpipe family/phase heuristic; verify semantic definition and scope.
V-04,1,,0,Arepo-Medtech/makoha-spec,974352db0acb01a8dcf0c421bcd4316ddfc889a8,UNASSESSED,,,,,,,Docpipe family/phase heuristic; verify semantic definition and scope.
C-17,1,,0,Arepo-Medtech/makoha-spec,974352db0acb01a8dcf0c421bcd4316ddfc889a8,UNASSESSED,,,,,,,Docpipe family/phase heuristic; verify semantic definition and scope.
LED-06,1,,0,Arepo-Medtech/makoha-spec,974352db0acb01a8dcf0c421bcd4316ddfc889a8,UNASSESSED,,,,,,,Docpipe family/phase heuristic; verify semantic definition and scope.
LED-07,1,,0,Arepo-Medtech/makoha-spec,974352db0acb01a8dcf0c421bcd4316ddfc889a8,UNASSESSED,,,,,,,Docpipe family/phase heuristic; verify semantic definition and scope.
PUR-01,1,4,1,Arepo-Medtech/makoha-spec,974352db0acb01a8dcf0c421bcd4316ddfc889a8,UNASSESSED,,,,,,,Docpipe family/phase heuristic; verify semantic definition and scope.
ENG-03,1,,0,Arepo-Medtech/makoha-spec,974352db0acb01a8dcf0c421bcd4316ddfc889a8,UNASSESSED,,,,,,,Docpipe family/phase heuristic; verify semantic definition and scope.
REN-01,1,,0,Arepo-Medtech/makoha-spec,974352db0acb01a8dcf0c421bcd4316ddfc889a8,UNASSESSED,,,,,,,Docpipe family/phase heuristic; verify semantic definition and scope.
REN-02,1,,0,Arepo-Medtech/makoha-spec,974352db0acb01a8dcf0c421bcd4316ddfc889a8,UNASSESSED,,,,,,,Docpipe family/phase heuristic; verify semantic definition and scope.
REN-05,1,,0,Arepo-Medtech/makoha-spec,974352db0acb01a8dcf0c421bcd4316ddfc889a8,UNASSESSED,,,,,,,Docpipe family/phase heuristic; verify semantic definition and scope.
REN-07,1,,0,Arepo-Medtech/makoha-spec,974352db0acb01a8dcf0c421bcd4316ddfc889a8,UNASSESSED,,,,,,,Docpipe family/phase heuristic; verify semantic definition and scope.
ADV-02,1,,0,Arepo-Medtech/makoha-spec,974352db0acb01a8dcf0c421bcd4316ddfc889a8,UNASSESSED,,,,,,,Docpipe family/phase heuristic; verify semantic definition and scope.
RPT-03,1,,0,Arepo-Medtech/makoha-spec,974352db0acb01a8dcf0c421bcd4316ddfc889a8,UNASSESSED,,,,,,,Docpipe family/phase heuristic; verify semantic definition and scope.
MET-01,1,2;3;5,5,Arepo-Medtech/makoha-spec,974352db0acb01a8dcf0c421bcd4316ddfc889a8,UNASSESSED,,,,,,,Docpipe family/phase heuristic; verify semantic definition and scope.
MET-02,1,3;4,4,Arepo-Medtech/makoha-spec,974352db0acb01a8dcf0c421bcd4316ddfc889a8,UNASSESSED,,,,,,,Docpipe family/phase heuristic; verify semantic definition and scope.
OCR-02,1,3,1,Arepo-Medtech/makoha-spec,974352db0acb01a8dcf0c421bcd4316ddfc889a8,UNASSESSED,,,,,,,Docpipe family/phase heuristic; verify semantic definition and scope.
MET-03,1,,0,Arepo-Medtech/makoha-spec,974352db0acb01a8dcf0c421bcd4316ddfc889a8,UNASSESSED,,,,,,,Docpipe family/phase heuristic; verify semantic definition and scope.
MET-04,1,,0,Arepo-Medtech/makoha-spec,974352db0acb01a8dcf0c421bcd4316ddfc889a8,UNASSESSED,,,,,,,Docpipe family/phase heuristic; verify semantic definition and scope.
MET-05,1,5,1,Arepo-Medtech/makoha-spec,974352db0acb01a8dcf0c421bcd4316ddfc889a8,UNASSESSED,,,,,,,Docpipe family/phase heuristic; verify semantic definition and scope.
MET-06,1,3;4,4,Arepo-Medtech/makoha-spec,974352db0acb01a8dcf0c421bcd4316ddfc889a8,UNASSESSED,,,,,,,Docpipe family/phase heuristic; verify semantic definition and scope.
MET-07,1,3;5,2,Arepo-Medtech/makoha-spec,974352db0acb01a8dcf0c421bcd4316ddfc889a8,UNASSESSED,,,,,,,Docpipe family/phase heuristic; verify semantic definition and scope.
MET-08,1,3;4;5,3,Arepo-Medtech/makoha-spec,974352db0acb01a8dcf0c421bcd4316ddfc889a8,UNASSESSED,,,,,,,Docpipe family/phase heuristic; verify semantic definition and scope.
MET-09,1,5,1,Arepo-Medtech/makoha-spec,974352db0acb01a8dcf0c421bcd4316ddfc889a8,UNASSESSED,,,,,,,Docpipe family/phase heuristic; verify semantic definition and scope.
MET-10,1,,0,Arepo-Medtech/makoha-spec,974352db0acb01a8dcf0c421bcd4316ddfc889a8,UNASSESSED,,,,,,,Docpipe family/phase heuristic; verify semantic definition and scope.
MET-11,1,2;3;5,6,Arepo-Medtech/makoha-spec,974352db0acb01a8dcf0c421bcd4316ddfc889a8,UNASSESSED,,,,,,,Docpipe family/phase heuristic; verify semantic definition and scope.
MET-12,1,,0,Arepo-Medtech/makoha-spec,974352db0acb01a8dcf0c421bcd4316ddfc889a8,UNASSESSED,,,,,,,Docpipe family/phase heuristic; verify semantic definition and scope.
MET-13,1,,0,Arepo-Medtech/makoha-spec,974352db0acb01a8dcf0c421bcd4316ddfc889a8,UNASSESSED,,,,,,,Docpipe family/phase heuristic; verify semantic definition and scope.
CAP-01,1,4,1,Arepo-Medtech/makoha-spec,974352db0acb01a8dcf0c421bcd4316ddfc889a8,UNASSESSED,,,,,,,Docpipe family/phase heuristic; verify semantic definition and scope.
CAP-02,1,,0,Arepo-Medtech/makoha-spec,974352db0acb01a8dcf0c421bcd4316ddfc889a8,UNASSESSED,,,,,,,Docpipe family/phase heuristic; verify semantic definition and scope.
AST-01,1,,0,Arepo-Medtech/makoha-spec,974352db0acb01a8dcf0c421bcd4316ddfc889a8,UNASSESSED,,,,,,,Docpipe family/phase heuristic; verify semantic definition and scope.
CAP-03,1,,0,Arepo-Medtech/makoha-spec,974352db0acb01a8dcf0c421bcd4316ddfc889a8,UNASSESSED,,,,,,,Docpipe family/phase heuristic; verify semantic definition and scope.
REL-01,1,,0,Arepo-Medtech/makoha-spec,974352db0acb01a8dcf0c421bcd4316ddfc889a8,UNASSESSED,,,,,,,Docpipe family/phase heuristic; verify semantic definition and scope.
CAP-04,1,,0,Arepo-Medtech/makoha-spec,974352db0acb01a8dcf0c421bcd4316ddfc889a8,UNASSESSED,,,,,,,Docpipe family/phase heuristic; verify semantic definition and scope.
MAP-01,1,,0,Arepo-Medtech/makoha-spec,974352db0acb01a8dcf0c421bcd4316ddfc889a8,UNASSESSED,,,,,,,Docpipe family/phase heuristic; verify semantic definition and scope.
MAP-02,1,,0,Arepo-Medtech/makoha-spec,974352db0acb01a8dcf0c421bcd4316ddfc889a8,UNASSESSED,,,,,,,Docpipe family/phase heuristic; verify semantic definition and scope.
CAP-05,1,,0,Arepo-Medtech/makoha-spec,974352db0acb01a8dcf0c421bcd4316ddfc889a8,UNASSESSED,,,,,,,Docpipe family/phase heuristic; verify semantic definition and scope.
TIME-01,1,,0,Arepo-Medtech/makoha-spec,974352db0acb01a8dcf0c421bcd4316ddfc889a8,UNASSESSED,,,,,,,Docpipe family/phase heuristic; verify semantic definition and scope.
CAP-06,1,4,1,Arepo-Medtech/makoha-spec,974352db0acb01a8dcf0c421bcd4316ddfc889a8,UNASSESSED,,,,,,,Docpipe family/phase heuristic; verify semantic definition and scope.
CLS-01,1,,0,Arepo-Medtech/makoha-spec,974352db0acb01a8dcf0c421bcd4316ddfc889a8,UNASSESSED,,,,,,,Docpipe family/phase heuristic; verify semantic definition and scope.
CAP-07,1,,0,Arepo-Medtech/makoha-spec,974352db0acb01a8dcf0c421bcd4316ddfc889a8,UNASSESSED,,,,,,,Docpipe family/phase heuristic; verify semantic definition and scope.
PHE-01,1,,0,Arepo-Medtech/makoha-spec,974352db0acb01a8dcf0c421bcd4316ddfc889a8,UNASSESSED,,,,,,,Docpipe family/phase heuristic; verify semantic definition and scope.
PHE-02,1,,0,Arepo-Medtech/makoha-spec,974352db0acb01a8dcf0c421bcd4316ddfc889a8,UNASSESSED,,,,,,,Docpipe family/phase heuristic; verify semantic definition and scope.
CAP-08,1,5,1,Arepo-Medtech/makoha-spec,974352db0acb01a8dcf0c421bcd4316ddfc889a8,UNASSESSED,,,,,,,Docpipe family/phase heuristic; verify semantic definition and scope.
RISK-01,1,,0,Arepo-Medtech/makoha-spec,974352db0acb01a8dcf0c421bcd4316ddfc889a8,UNASSESSED,,,,,,,Docpipe family/phase heuristic; verify semantic definition and scope.
RISK-02,1,,0,Arepo-Medtech/makoha-spec,974352db0acb01a8dcf0c421bcd4316ddfc889a8,UNASSESSED,,,,,,,Docpipe family/phase heuristic; verify semantic definition and scope.
CAP-09,1,4,1,Arepo-Medtech/makoha-spec,974352db0acb01a8dcf0c421bcd4316ddfc889a8,UNASSESSED,,,,,,,Docpipe family/phase heuristic; verify semantic definition and scope.
AE-01,1,,0,Arepo-Medtech/makoha-spec,974352db0acb01a8dcf0c421bcd4316ddfc889a8,UNASSESSED,,,,,,,Docpipe family/phase heuristic; verify semantic definition and scope.
CAP-10,1,,0,Arepo-Medtech/makoha-spec,974352db0acb01a8dcf0c421bcd4316ddfc889a8,UNASSESSED,,,,,,,Docpipe family/phase heuristic; verify semantic definition and scope.
SDOH-01,1,,0,Arepo-Medtech/makoha-spec,974352db0acb01a8dcf0c421bcd4316ddfc889a8,UNASSESSED,,,,,,,Docpipe family/phase heuristic; verify semantic definition and scope.
CAP-11,1,4,1,Arepo-Medtech/makoha-spec,974352db0acb01a8dcf0c421bcd4316ddfc889a8,UNASSESSED,,,,,,,Docpipe family/phase heuristic; verify semantic definition and scope.
VOICE-01,1,,0,Arepo-Medtech/makoha-spec,974352db0acb01a8dcf0c421bcd4316ddfc889a8,UNASSESSED,,,,,,,Docpipe family/phase heuristic; verify semantic definition and scope.
CAP-12,1,,0,Arepo-Medtech/makoha-spec,974352db0acb01a8dcf0c421bcd4316ddfc889a8,UNASSESSED,,,,,,,Docpipe family/phase heuristic; verify semantic definition and scope.
SUM-01,1,,0,Arepo-Medtech/makoha-spec,974352db0acb01a8dcf0c421bcd4316ddfc889a8,UNASSESSED,,,,,,,Docpipe family/phase heuristic; verify semantic definition and scope.
SUM-02,1,,0,Arepo-Medtech/makoha-spec,974352db0acb01a8dcf0c421bcd4316ddfc889a8,UNASSESSED,,,,,,,Docpipe family/phase heuristic; verify semantic definition and scope.
CAP-13,1,,0,Arepo-Medtech/makoha-spec,974352db0acb01a8dcf0c421bcd4316ddfc889a8,UNASSESSED,,,,,,,Docpipe family/phase heuristic; verify semantic definition and scope.
QA-01,1,,0,Arepo-Medtech/makoha-spec,974352db0acb01a8dcf0c421bcd4316ddfc889a8,UNASSESSED,,,,,,,Docpipe family/phase heuristic; verify semantic definition and scope.
QA-02,1,,0,Arepo-Medtech/makoha-spec,974352db0acb01a8dcf0c421bcd4316ddfc889a8,UNASSESSED,,,,,,,Docpipe family/phase heuristic; verify semantic definition and scope.
CAP-14,1,4;5,4,Arepo-Medtech/makoha-spec,974352db0acb01a8dcf0c421bcd4316ddfc889a8,UNASSESSED,,,,,,,Docpipe family/phase heuristic; verify semantic definition and scope.
DEID-01,1,,0,Arepo-Medtech/makoha-spec,974352db0acb01a8dcf0c421bcd4316ddfc889a8,UNASSESSED,,,,,,,Docpipe family/phase heuristic; verify semantic definition and scope.
DEID-02,1,,0,Arepo-Medtech/makoha-spec,974352db0acb01a8dcf0c421bcd4316ddfc889a8,UNASSESSED,,,,,,,Docpipe family/phase heuristic; verify semantic definition and scope.
CAP-15,1,,0,Arepo-Medtech/makoha-spec,974352db0acb01a8dcf0c421bcd4316ddfc889a8,UNASSESSED,,,,,,,Docpipe family/phase heuristic; verify semantic definition and scope.
MATCH-01,1,,0,Arepo-Medtech/makoha-spec,974352db0acb01a8dcf0c421bcd4316ddfc889a8,UNASSESSED,,,,,,,Docpipe family/phase heuristic; verify semantic definition and scope.
CAP-16,1,4,1,Arepo-Medtech/makoha-spec,974352db0acb01a8dcf0c421bcd4316ddfc889a8,UNASSESSED,,,,,,,Docpipe family/phase heuristic; verify semantic definition and scope.
MM-01,1,,0,Arepo-Medtech/makoha-spec,974352db0acb01a8dcf0c421bcd4316ddfc889a8,UNASSESSED,,,,,,,Docpipe family/phase heuristic; verify semantic definition and scope.
MM-02,1,,0,Arepo-Medtech/makoha-spec,974352db0acb01a8dcf0c421bcd4316ddfc889a8,UNASSESSED,,,,,,,Docpipe family/phase heuristic; verify semantic definition and scope.
CAP-17,1,,0,Arepo-Medtech/makoha-spec,974352db0acb01a8dcf0c421bcd4316ddfc889a8,UNASSESSED,,,,,,,Docpipe family/phase heuristic; verify semantic definition and scope.
PACK-01,1,,0,Arepo-Medtech/makoha-spec,974352db0acb01a8dcf0c421bcd4316ddfc889a8,UNASSESSED,,,,,,,Docpipe family/phase heuristic; verify semantic definition and scope.
CAP-18,1,,0,Arepo-Medtech/makoha-spec,974352db0acb01a8dcf0c421bcd4316ddfc889a8,UNASSESSED,,,,,,,Docpipe family/phase heuristic; verify semantic definition and scope.
WF-01,1,,0,Arepo-Medtech/makoha-spec,974352db0acb01a8dcf0c421bcd4316ddfc889a8,UNASSESSED,,,,,,,Docpipe family/phase heuristic; verify semantic definition and scope.
CAP-20,1,2;4;5;6,9,Arepo-Medtech/makoha-spec,974352db0acb01a8dcf0c421bcd4316ddfc889a8,UNASSESSED,,,,,,,Docpipe family/phase heuristic; verify semantic definition and scope.
CAP-19,1,,0,Arepo-Medtech/makoha-spec,974352db0acb01a8dcf0c421bcd4316ddfc889a8,UNASSESSED,,,,,,,Docpipe family/phase heuristic; verify semantic definition and scope.
ST-01,1,,1,Arepo-Medtech/makoha-spec,974352db0acb01a8dcf0c421bcd4316ddfc889a8,UNASSESSED,,,,,,,Docpipe family/phase heuristic; verify semantic definition and scope.
ST-02,1,,2,Arepo-Medtech/makoha-spec,974352db0acb01a8dcf0c421bcd4316ddfc889a8,UNASSESSED,,,,,,,Docpipe family/phase heuristic; verify semantic definition and scope.
ST-03,1,,7,Arepo-Medtech/makoha-spec,974352db0acb01a8dcf0c421bcd4316ddfc889a8,UNASSESSED,,,,,,,Docpipe family/phase heuristic; verify semantic definition and scope.
RE-01,1,,0,Arepo-Medtech/makoha-spec,974352db0acb01a8dcf0c421bcd4316ddfc889a8,UNASSESSED,,,,,,,Docpipe family/phase heuristic; verify semantic definition and scope.
RE-02,1,,0,Arepo-Medtech/makoha-spec,974352db0acb01a8dcf0c421bcd4316ddfc889a8,UNASSESSED,,,,,,,Docpipe family/phase heuristic; verify semantic definition and scope.
ADV-03,1,,0,Arepo-Medtech/makoha-spec,974352db0acb01a8dcf0c421bcd4316ddfc889a8,UNASSESSED,,,,,,,Docpipe family/phase heuristic; verify semantic definition and scope.
E2E-01,1,,0,Arepo-Medtech/makoha-spec,974352db0acb01a8dcf0c421bcd4316ddfc889a8,UNASSESSED,,,,,,,Docpipe family/phase heuristic; verify semantic definition and scope.
E2E-12,1,,0,Arepo-Medtech/makoha-spec,974352db0acb01a8dcf0c421bcd4316ddfc889a8,UNASSESSED,,,,,,,Docpipe family/phase heuristic; verify semantic definition and scope.
CST-03,1,2;3;4;5,7,Arepo-Medtech/makoha-spec,974352db0acb01a8dcf0c421bcd4316ddfc889a8,UNASSESSED,,,,,,,Docpipe family/phase heuristic; verify semantic definition and scope.
CST-12,1,2;4,5,Arepo-Medtech/makoha-spec,974352db0acb01a8dcf0c421bcd4316ddfc889a8,UNASSESSED,,,,,,,Docpipe family/phase heuristic; verify semantic definition and scope.
CR-01,1,2;7,12,Arepo-Medtech/makoha-spec,974352db0acb01a8dcf0c421bcd4316ddfc889a8,UNASSESSED,,,,,,,Docpipe family/phase heuristic; verify semantic definition and scope.
CST-10,1,2;4;5,4,Arepo-Medtech/makoha-spec,974352db0acb01a8dcf0c421bcd4316ddfc889a8,UNASSESSED,,,,,,,Docpipe family/phase heuristic; verify semantic definition and scope.
CST-01,1,4,1,Arepo-Medtech/makoha-spec,974352db0acb01a8dcf0c421bcd4316ddfc889a8,UNASSESSED,,,,,,,Docpipe family/phase heuristic; verify semantic definition and scope.
CST-02,1,4;5,2,Arepo-Medtech/makoha-spec,974352db0acb01a8dcf0c421bcd4316ddfc889a8,UNASSESSED,,,,,,,Docpipe family/phase heuristic; verify semantic definition and scope.
CCR-03,1,2,2,Arepo-Medtech/makoha-spec,974352db0acb01a8dcf0c421bcd4316ddfc889a8,UNASSESSED,,,,,,,Docpipe family/phase heuristic; verify semantic definition and scope.
CST-04,1,4;5,2,Arepo-Medtech/makoha-spec,974352db0acb01a8dcf0c421bcd4316ddfc889a8,UNASSESSED,,,,,,,Docpipe family/phase heuristic; verify semantic definition and scope.
CST-05,1,4;5,2,Arepo-Medtech/makoha-spec,974352db0acb01a8dcf0c421bcd4316ddfc889a8,UNASSESSED,,,,,,,Docpipe family/phase heuristic; verify semantic definition and scope.
CST-06,1,4;5,4,Arepo-Medtech/makoha-spec,974352db0acb01a8dcf0c421bcd4316ddfc889a8,UNASSESSED,,,,,,,Docpipe family/phase heuristic; verify semantic definition and scope.
CST-07,1,2;4;5,4,Arepo-Medtech/makoha-spec,974352db0acb01a8dcf0c421bcd4316ddfc889a8,UNASSESSED,,,,,,,Docpipe family/phase heuristic; verify semantic definition and scope.
CST-08,1,4;5,4,Arepo-Medtech/makoha-spec,974352db0acb01a8dcf0c421bcd4316ddfc889a8,UNASSESSED,,,,,,,Docpipe family/phase heuristic; verify semantic definition and scope.
CST-09,1,2;4;5,3,Arepo-Medtech/makoha-spec,974352db0acb01a8dcf0c421bcd4316ddfc889a8,UNASSESSED,,,,,,,Docpipe family/phase heuristic; verify semantic definition and scope.
CST-11,1,4,1,Arepo-Medtech/makoha-spec,974352db0acb01a8dcf0c421bcd4316ddfc889a8,UNASSESSED,,,,,,,Docpipe family/phase heuristic; verify semantic definition and scope.
CST-13,1,2;4;5,8,Arepo-Medtech/makoha-spec,974352db0acb01a8dcf0c421bcd4316ddfc889a8,UNASSESSED,,,,,,,Docpipe family/phase heuristic; verify semantic definition and scope.
STK-01,2,,0,Arepo-Medtech/makoha-spec,974352db0acb01a8dcf0c421bcd4316ddfc889a8,UNASSESSED,,,,,,,Docpipe family/phase heuristic; verify semantic definition and scope.
STK-02,2,,0,Arepo-Medtech/makoha-spec,974352db0acb01a8dcf0c421bcd4316ddfc889a8,UNASSESSED,,,,,,,Docpipe family/phase heuristic; verify semantic definition and scope.
STK-03,2,,0,Arepo-Medtech/makoha-spec,974352db0acb01a8dcf0c421bcd4316ddfc889a8,UNASSESSED,,,,,,,Docpipe family/phase heuristic; verify semantic definition and scope.
STK-04,2,,0,Arepo-Medtech/makoha-spec,974352db0acb01a8dcf0c421bcd4316ddfc889a8,UNASSESSED,,,,,,,Docpipe family/phase heuristic; verify semantic definition and scope.
STK-05,2,3,1,Arepo-Medtech/makoha-spec,974352db0acb01a8dcf0c421bcd4316ddfc889a8,UNASSESSED,,,,,,,Docpipe family/phase heuristic; verify semantic definition and scope.
STK-06,2,,0,Arepo-Medtech/makoha-spec,974352db0acb01a8dcf0c421bcd4316ddfc889a8,UNASSESSED,,,,,,,Docpipe family/phase heuristic; verify semantic definition and scope.
STK-07,2,3,2,Arepo-Medtech/makoha-spec,974352db0acb01a8dcf0c421bcd4316ddfc889a8,UNASSESSED,,,,,,,Docpipe family/phase heuristic; verify semantic definition and scope.
STK-08,2,,0,Arepo-Medtech/makoha-spec,974352db0acb01a8dcf0c421bcd4316ddfc889a8,UNASSESSED,,,,,,,Docpipe family/phase heuristic; verify semantic definition and scope.
STK-09,2,,0,Arepo-Medtech/makoha-spec,974352db0acb01a8dcf0c421bcd4316ddfc889a8,UNASSESSED,,,,,,,Docpipe family/phase heuristic; verify semantic definition and scope.
STK-10,2,,0,Arepo-Medtech/makoha-spec,974352db0acb01a8dcf0c421bcd4316ddfc889a8,UNASSESSED,,,,,,,Docpipe family/phase heuristic; verify semantic definition and scope.
STK-11,2,,0,Arepo-Medtech/makoha-spec,974352db0acb01a8dcf0c421bcd4316ddfc889a8,UNASSESSED,,,,,,,Docpipe family/phase heuristic; verify semantic definition and scope.
STK-12,2,3,1,Arepo-Medtech/makoha-spec,974352db0acb01a8dcf0c421bcd4316ddfc889a8,UNASSESSED,,,,,,,Docpipe family/phase heuristic; verify semantic definition and scope.
SIT-07,2,3,1,Arepo-Medtech/makoha-spec,974352db0acb01a8dcf0c421bcd4316ddfc889a8,UNASSESSED,,,,,,,Docpipe family/phase heuristic; verify semantic definition and scope.
STK-13,2,,0,Arepo-Medtech/makoha-spec,974352db0acb01a8dcf0c421bcd4316ddfc889a8,UNASSESSED,,,,,,,Docpipe family/phase heuristic; verify semantic definition and scope.
EXT-01,2,3,2,Arepo-Medtech/makoha-spec,974352db0acb01a8dcf0c421bcd4316ddfc889a8,UNASSESSED,,,,,,,Docpipe family/phase heuristic; verify semantic definition and scope.
EXT-02,2,3,1,Arepo-Medtech/makoha-spec,974352db0acb01a8dcf0c421bcd4316ddfc889a8,UNASSESSED,,,,,,,Docpipe family/phase heuristic; verify semantic definition and scope.
EXT-03,2,3,1,Arepo-Medtech/makoha-spec,974352db0acb01a8dcf0c421bcd4316ddfc889a8,UNASSESSED,,,,,,,Docpipe family/phase heuristic; verify semantic definition and scope.
EXT-04,2,3,1,Arepo-Medtech/makoha-spec,974352db0acb01a8dcf0c421bcd4316ddfc889a8,UNASSESSED,,,,,,,Docpipe family/phase heuristic; verify semantic definition and scope.
EXT-05,2,3,1,Arepo-Medtech/makoha-spec,974352db0acb01a8dcf0c421bcd4316ddfc889a8,UNASSESSED,,,,,,,Docpipe family/phase heuristic; verify semantic definition and scope.
EXT-06,2,3,1,Arepo-Medtech/makoha-spec,974352db0acb01a8dcf0c421bcd4316ddfc889a8,UNASSESSED,,,,,,,Docpipe family/phase heuristic; verify semantic definition and scope.
EXT-07,2,3,1,Arepo-Medtech/makoha-spec,974352db0acb01a8dcf0c421bcd4316ddfc889a8,UNASSESSED,,,,,,,Docpipe family/phase heuristic; verify semantic definition and scope.
EXT-08,2,,0,Arepo-Medtech/makoha-spec,974352db0acb01a8dcf0c421bcd4316ddfc889a8,UNASSESSED,,,,,,,Docpipe family/phase heuristic; verify semantic definition and scope.
EXT-09,2,3,1,Arepo-Medtech/makoha-spec,974352db0acb01a8dcf0c421bcd4316ddfc889a8,UNASSESSED,,,,,,,Docpipe family/phase heuristic; verify semantic definition and scope.
EXT-10,2,3,1,Arepo-Medtech/makoha-spec,974352db0acb01a8dcf0c421bcd4316ddfc889a8,UNASSESSED,,,,,,,Docpipe family/phase heuristic; verify semantic definition and scope.
EXT-11,2,3,2,Arepo-Medtech/makoha-spec,974352db0acb01a8dcf0c421bcd4316ddfc889a8,UNASSESSED,,,,,,,Docpipe family/phase heuristic; verify semantic definition and scope.
EXT-12,2,3,2,Arepo-Medtech/makoha-spec,974352db0acb01a8dcf0c421bcd4316ddfc889a8,UNASSESSED,,,,,,,Docpipe family/phase heuristic; verify semantic definition and scope.
SIT-01,2,3,1,Arepo-Medtech/makoha-spec,974352db0acb01a8dcf0c421bcd4316ddfc889a8,UNASSESSED,,,,,,,Docpipe family/phase heuristic; verify semantic definition and scope.
SIT-02,2,3,1,Arepo-Medtech/makoha-spec,974352db0acb01a8dcf0c421bcd4316ddfc889a8,UNASSESSED,,,,,,,Docpipe family/phase heuristic; verify semantic definition and scope.
SIT-03,2,3,1,Arepo-Medtech/makoha-spec,974352db0acb01a8dcf0c421bcd4316ddfc889a8,UNASSESSED,,,,,,,Docpipe family/phase heuristic; verify semantic definition and scope.
SIT-04,2,3,1,Arepo-Medtech/makoha-spec,974352db0acb01a8dcf0c421bcd4316ddfc889a8,UNASSESSED,,,,,,,Docpipe family/phase heuristic; verify semantic definition and scope.
SIT-05,2,3,1,Arepo-Medtech/makoha-spec,974352db0acb01a8dcf0c421bcd4316ddfc889a8,UNASSESSED,,,,,,,Docpipe family/phase heuristic; verify semantic definition and scope.
SIT-06,2,3,1,Arepo-Medtech/makoha-spec,974352db0acb01a8dcf0c421bcd4316ddfc889a8,UNASSESSED,,,,,,,Docpipe family/phase heuristic; verify semantic definition and scope.
SIT-08,2,3,2,Arepo-Medtech/makoha-spec,974352db0acb01a8dcf0c421bcd4316ddfc889a8,UNASSESSED,,,,,,,Docpipe family/phase heuristic; verify semantic definition and scope.
SIT-09,2,3,1,Arepo-Medtech/makoha-spec,974352db0acb01a8dcf0c421bcd4316ddfc889a8,UNASSESSED,,,,,,,Docpipe family/phase heuristic; verify semantic definition and scope.
POL-01,2,5,1,Arepo-Medtech/makoha-spec,974352db0acb01a8dcf0c421bcd4316ddfc889a8,UNASSESSED,,,,,,,Docpipe family/phase heuristic; verify semantic definition and scope.
POL-02,2,,0,Arepo-Medtech/makoha-spec,974352db0acb01a8dcf0c421bcd4316ddfc889a8,UNASSESSED,,,,,,,Docpipe family/phase heuristic; verify semantic definition and scope.
POL-03,2,4;5,2,Arepo-Medtech/makoha-spec,974352db0acb01a8dcf0c421bcd4316ddfc889a8,UNASSESSED,,,,,,,Docpipe family/phase heuristic; verify semantic definition and scope.
POL-04,2,5,1,Arepo-Medtech/makoha-spec,974352db0acb01a8dcf0c421bcd4316ddfc889a8,UNASSESSED,,,,,,,Docpipe family/phase heuristic; verify semantic definition and scope.
POL-05,2,5,7,Arepo-Medtech/makoha-spec,974352db0acb01a8dcf0c421bcd4316ddfc889a8,UNASSESSED,,,,,,,Docpipe family/phase heuristic; verify semantic definition and scope.
POL-06,2,4;5,2,Arepo-Medtech/makoha-spec,974352db0acb01a8dcf0c421bcd4316ddfc889a8,UNASSESSED,,,,,,,Docpipe family/phase heuristic; verify semantic definition and scope.
POL-07,2,,0,Arepo-Medtech/makoha-spec,974352db0acb01a8dcf0c421bcd4316ddfc889a8,UNASSESSED,,,,,,,Docpipe family/phase heuristic; verify semantic definition and scope.
POL-08,2,5,1,Arepo-Medtech/makoha-spec,974352db0acb01a8dcf0c421bcd4316ddfc889a8,UNASSESSED,,,,,,,Docpipe family/phase heuristic; verify semantic definition and scope.
POL-09,2,,0,Arepo-Medtech/makoha-spec,974352db0acb01a8dcf0c421bcd4316ddfc889a8,UNASSESSED,,,,,,,Docpipe family/phase heuristic; verify semantic definition and scope.
POL-10,2,,0,Arepo-Medtech/makoha-spec,974352db0acb01a8dcf0c421bcd4316ddfc889a8,UNASSESSED,,,,,,,Docpipe family/phase heuristic; verify semantic definition and scope.
POL-11,2,4,2,Arepo-Medtech/makoha-spec,974352db0acb01a8dcf0c421bcd4316ddfc889a8,UNASSESSED,,,,,,,Docpipe family/phase heuristic; verify semantic definition and scope.
POL-12,2,4,1,Arepo-Medtech/makoha-spec,974352db0acb01a8dcf0c421bcd4316ddfc889a8,UNASSESSED,,,,,,,Docpipe family/phase heuristic; verify semantic definition and scope.
POL-13,2,4,1,Arepo-Medtech/makoha-spec,974352db0acb01a8dcf0c421bcd4316ddfc889a8,UNASSESSED,,,,,,,Docpipe family/phase heuristic; verify semantic definition and scope.
POL-14,2,4,1,Arepo-Medtech/makoha-spec,974352db0acb01a8dcf0c421bcd4316ddfc889a8,UNASSESSED,,,,,,,Docpipe family/phase heuristic; verify semantic definition and scope.
POL-15,2,4,1,Arepo-Medtech/makoha-spec,974352db0acb01a8dcf0c421bcd4316ddfc889a8,UNASSESSED,,,,,,,Docpipe family/phase heuristic; verify semantic definition and scope.
RSK-01,2,,0,Arepo-Medtech/makoha-spec,974352db0acb01a8dcf0c421bcd4316ddfc889a8,UNASSESSED,,,,,,,Docpipe family/phase heuristic; verify semantic definition and scope.
RSK-02,2,,0,Arepo-Medtech/makoha-spec,974352db0acb01a8dcf0c421bcd4316ddfc889a8,UNASSESSED,,,,,,,Docpipe family/phase heuristic; verify semantic definition and scope.
RSK-03,2,,0,Arepo-Medtech/makoha-spec,974352db0acb01a8dcf0c421bcd4316ddfc889a8,UNASSESSED,,,,,,,Docpipe family/phase heuristic; verify semantic definition and scope.
RSK-04,2,5,1,Arepo-Medtech/makoha-spec,974352db0acb01a8dcf0c421bcd4316ddfc889a8,UNASSESSED,,,,,,,Docpipe family/phase heuristic; verify semantic definition and scope.
TH-04,2,,0,Arepo-Medtech/makoha-spec,974352db0acb01a8dcf0c421bcd4316ddfc889a8,UNASSESSED,,,,,,,Docpipe family/phase heuristic; verify semantic definition and scope.
RSK-05,2,5,1,Arepo-Medtech/makoha-spec,974352db0acb01a8dcf0c421bcd4316ddfc889a8,UNASSESSED,,,,,,,Docpipe family/phase heuristic; verify semantic definition and scope.
RSK-06,2,,0,Arepo-Medtech/makoha-spec,974352db0acb01a8dcf0c421bcd4316ddfc889a8,UNASSESSED,,,,,,,Docpipe family/phase heuristic; verify semantic definition and scope.
RSK-07,2,,0,Arepo-Medtech/makoha-spec,974352db0acb01a8dcf0c421bcd4316ddfc889a8,UNASSESSED,,,,,,,Docpipe family/phase heuristic; verify semantic definition and scope.
RSK-08,2,,0,Arepo-Medtech/makoha-spec,974352db0acb01a8dcf0c421bcd4316ddfc889a8,UNASSESSED,,,,,,,Docpipe family/phase heuristic; verify semantic definition and scope.
RSK-09,2,5,1,Arepo-Medtech/makoha-spec,974352db0acb01a8dcf0c421bcd4316ddfc889a8,UNASSESSED,,,,,,,Docpipe family/phase heuristic; verify semantic definition and scope.
RSK-11,2,5,1,Arepo-Medtech/makoha-spec,974352db0acb01a8dcf0c421bcd4316ddfc889a8,UNASSESSED,,,,,,,Docpipe family/phase heuristic; verify semantic definition and scope.
RSK-10,2,,0,Arepo-Medtech/makoha-spec,974352db0acb01a8dcf0c421bcd4316ddfc889a8,UNASSESSED,,,,,,,Docpipe family/phase heuristic; verify semantic definition and scope.
POR-03,2,,0,Arepo-Medtech/makoha-spec,974352db0acb01a8dcf0c421bcd4316ddfc889a8,UNASSESSED,,,,,,,Docpipe family/phase heuristic; verify semantic definition and scope.
IF-09,3,4,6,Arepo-Medtech/makoha-spec,974352db0acb01a8dcf0c421bcd4316ddfc889a8,UNASSESSED,,,,,,,Docpipe family/phase heuristic; verify semantic definition and scope.
IF-10,3,4,4,Arepo-Medtech/makoha-spec,974352db0acb01a8dcf0c421bcd4316ddfc889a8,UNASSESSED,,,,,,,Docpipe family/phase heuristic; verify semantic definition and scope.
IF-01,3,4,7,Arepo-Medtech/makoha-spec,974352db0acb01a8dcf0c421bcd4316ddfc889a8,UNASSESSED,,,,,,,Docpipe family/phase heuristic; verify semantic definition and scope.
IF-05,3,4,5,Arepo-Medtech/makoha-spec,974352db0acb01a8dcf0c421bcd4316ddfc889a8,UNASSESSED,,,,,,,Docpipe family/phase heuristic; verify semantic definition and scope.
IF-14,3,4,3,Arepo-Medtech/makoha-spec,974352db0acb01a8dcf0c421bcd4316ddfc889a8,UNASSESSED,,,,,,,Docpipe family/phase heuristic; verify semantic definition and scope.
ROL-01,3,,0,Arepo-Medtech/makoha-spec,974352db0acb01a8dcf0c421bcd4316ddfc889a8,UNASSESSED,,,,,,,Docpipe family/phase heuristic; verify semantic definition and scope.
ROL-02,3,,0,Arepo-Medtech/makoha-spec,974352db0acb01a8dcf0c421bcd4316ddfc889a8,UNASSESSED,,,,,,,Docpipe family/phase heuristic; verify semantic definition and scope.
ROL-03,3,,0,Arepo-Medtech/makoha-spec,974352db0acb01a8dcf0c421bcd4316ddfc889a8,UNASSESSED,,,,,,,Docpipe family/phase heuristic; verify semantic definition and scope.
ROL-04,3,,0,Arepo-Medtech/makoha-spec,974352db0acb01a8dcf0c421bcd4316ddfc889a8,UNASSESSED,,,,,,,Docpipe family/phase heuristic; verify semantic definition and scope.
ROL-05,3,,0,Arepo-Medtech/makoha-spec,974352db0acb01a8dcf0c421bcd4316ddfc889a8,UNASSESSED,,,,,,,Docpipe family/phase heuristic; verify semantic definition and scope.
ROL-06,3,,0,Arepo-Medtech/makoha-spec,974352db0acb01a8dcf0c421bcd4316ddfc889a8,UNASSESSED,,,,,,,Docpipe family/phase heuristic; verify semantic definition and scope.
ROL-07,3,,0,Arepo-Medtech/makoha-spec,974352db0acb01a8dcf0c421bcd4316ddfc889a8,UNASSESSED,,,,,,,Docpipe family/phase heuristic; verify semantic definition and scope.
ROL-08,3,,0,Arepo-Medtech/makoha-spec,974352db0acb01a8dcf0c421bcd4316ddfc889a8,UNASSESSED,,,,,,,Docpipe family/phase heuristic; verify semantic definition and scope.
ROL-09,3,,0,Arepo-Medtech/makoha-spec,974352db0acb01a8dcf0c421bcd4316ddfc889a8,UNASSESSED,,,,,,,Docpipe family/phase heuristic; verify semantic definition and scope.
ROL-10,3,,0,Arepo-Medtech/makoha-spec,974352db0acb01a8dcf0c421bcd4316ddfc889a8,UNASSESSED,,,,,,,Docpipe family/phase heuristic; verify semantic definition and scope.
ROL-11,3,,0,Arepo-Medtech/makoha-spec,974352db0acb01a8dcf0c421bcd4316ddfc889a8,UNASSESSED,,,,,,,Docpipe family/phase heuristic; verify semantic definition and scope.
ROL-12,3,5,1,Arepo-Medtech/makoha-spec,974352db0acb01a8dcf0c421bcd4316ddfc889a8,UNASSESSED,,,,,,,Docpipe family/phase heuristic; verify semantic definition and scope.
ROL-13,3,,0,Arepo-Medtech/makoha-spec,974352db0acb01a8dcf0c421bcd4316ddfc889a8,UNASSESSED,,,,,,,Docpipe family/phase heuristic; verify semantic definition and scope.
ROL-14,3,,0,Arepo-Medtech/makoha-spec,974352db0acb01a8dcf0c421bcd4316ddfc889a8,UNASSESSED,,,,,,,Docpipe family/phase heuristic; verify semantic definition and scope.
ROL-15,3,4;5,2,Arepo-Medtech/makoha-spec,974352db0acb01a8dcf0c421bcd4316ddfc889a8,UNASSESSED,,,,,,,Docpipe family/phase heuristic; verify semantic definition and scope.
MOD-01,3,5,2,Arepo-Medtech/makoha-spec,974352db0acb01a8dcf0c421bcd4316ddfc889a8,UNASSESSED,,,,,,,Docpipe family/phase heuristic; verify semantic definition and scope.
MOD-02,3,5,2,Arepo-Medtech/makoha-spec,974352db0acb01a8dcf0c421bcd4316ddfc889a8,UNASSESSED,,,,,,,Docpipe family/phase heuristic; verify semantic definition and scope.
MOD-04,3,5,2,Arepo-Medtech/makoha-spec,974352db0acb01a8dcf0c421bcd4316ddfc889a8,UNASSESSED,,,,,,,Docpipe family/phase heuristic; verify semantic definition and scope.
MOD-03,3,4;5,2,Arepo-Medtech/makoha-spec,974352db0acb01a8dcf0c421bcd4316ddfc889a8,UNASSESSED,,,,,,,Docpipe family/phase heuristic; verify semantic definition and scope.
MOD-05,3,5;7,4,Arepo-Medtech/makoha-spec,974352db0acb01a8dcf0c421bcd4316ddfc889a8,UNASSESSED,,,,,,,Docpipe family/phase heuristic; verify semantic definition and scope.
SCN-01,3,4;5;6,41,Arepo-Medtech/makoha-spec,974352db0acb01a8dcf0c421bcd4316ddfc889a8,UNASSESSED,,,,,,,Docpipe family/phase heuristic; verify semantic definition and scope.
SCN-02,3,4;5;6,13,Arepo-Medtech/makoha-spec,974352db0acb01a8dcf0c421bcd4316ddfc889a8,UNASSESSED,,,,,,,Docpipe family/phase heuristic; verify semantic definition and scope.
SCN-03,3,4;5;6,11,Arepo-Medtech/makoha-spec,974352db0acb01a8dcf0c421bcd4316ddfc889a8,UNASSESSED,,,,,,,Docpipe family/phase heuristic; verify semantic definition and scope.
SCN-06,3,4;5;6,9,Arepo-Medtech/makoha-spec,974352db0acb01a8dcf0c421bcd4316ddfc889a8,UNASSESSED,,,,,,,Docpipe family/phase heuristic; verify semantic definition and scope.
SCN-04,3,4;5;6,16,Arepo-Medtech/makoha-spec,974352db0acb01a8dcf0c421bcd4316ddfc889a8,UNASSESSED,,,,,,,Docpipe family/phase heuristic; verify semantic definition and scope.
SCN-05,3,4;5;6,12,Arepo-Medtech/makoha-spec,974352db0acb01a8dcf0c421bcd4316ddfc889a8,UNASSESSED,,,,,,,Docpipe family/phase heuristic; verify semantic definition and scope.
SCN-07,3,4;5;6,16,Arepo-Medtech/makoha-spec,974352db0acb01a8dcf0c421bcd4316ddfc889a8,UNASSESSED,,,,,,,Docpipe family/phase heuristic; verify semantic definition and scope.
SCN-08,3,4;5;6,9,Arepo-Medtech/makoha-spec,974352db0acb01a8dcf0c421bcd4316ddfc889a8,UNASSESSED,,,,,,,Docpipe family/phase heuristic; verify semantic definition and scope.
SCN-09,3,4;5;6,7,Arepo-Medtech/makoha-spec,974352db0acb01a8dcf0c421bcd4316ddfc889a8,UNASSESSED,,,,,,,Docpipe family/phase heuristic; verify semantic definition and scope.
SCN-10,3,4;5;6,7,Arepo-Medtech/makoha-spec,974352db0acb01a8dcf0c421bcd4316ddfc889a8,UNASSESSED,,,,,,,Docpipe family/phase heuristic; verify semantic definition and scope.
IF-02,3,4,13,Arepo-Medtech/makoha-spec,974352db0acb01a8dcf0c421bcd4316ddfc889a8,UNASSESSED,,,,,,,Docpipe family/phase heuristic; verify semantic definition and scope.
IF-03,3,4,7,Arepo-Medtech/makoha-spec,974352db0acb01a8dcf0c421bcd4316ddfc889a8,UNASSESSED,,,,,,,Docpipe family/phase heuristic; verify semantic definition and scope.
IF-04,3,4,3,Arepo-Medtech/makoha-spec,974352db0acb01a8dcf0c421bcd4316ddfc889a8,UNASSESSED,,,,,,,Docpipe family/phase heuristic; verify semantic definition and scope.
IF-06,3,4,2,Arepo-Medtech/makoha-spec,974352db0acb01a8dcf0c421bcd4316ddfc889a8,UNASSESSED,,,,,,,Docpipe family/phase heuristic; verify semantic definition and scope.
IF-07,3,4,4,Arepo-Medtech/makoha-spec,974352db0acb01a8dcf0c421bcd4316ddfc889a8,UNASSESSED,,,,,,,Docpipe family/phase heuristic; verify semantic definition and scope.
IF-08,3,4,4,Arepo-Medtech/makoha-spec,974352db0acb01a8dcf0c421bcd4316ddfc889a8,UNASSESSED,,,,,,,Docpipe family/phase heuristic; verify semantic definition and scope.
IF-11,3,4,4,Arepo-Medtech/makoha-spec,974352db0acb01a8dcf0c421bcd4316ddfc889a8,UNASSESSED,,,,,,,Docpipe family/phase heuristic; verify semantic definition and scope.
IF-12,3,4,4,Arepo-Medtech/makoha-spec,974352db0acb01a8dcf0c421bcd4316ddfc889a8,UNASSESSED,,,,,,,Docpipe family/phase heuristic; verify semantic definition and scope.
IF-13,3,4,4,Arepo-Medtech/makoha-spec,974352db0acb01a8dcf0c421bcd4316ddfc889a8,UNASSESSED,,,,,,,Docpipe family/phase heuristic; verify semantic definition and scope.
IF-15,3,4,4,Arepo-Medtech/makoha-spec,974352db0acb01a8dcf0c421bcd4316ddfc889a8,UNASSESSED,,,,,,,Docpipe family/phase heuristic; verify semantic definition and scope.
DAT-01,3,4,1,Arepo-Medtech/makoha-spec,974352db0acb01a8dcf0c421bcd4316ddfc889a8,UNASSESSED,,,,,,,Docpipe family/phase heuristic; verify semantic definition and scope.
DAT-02,3,4,1,Arepo-Medtech/makoha-spec,974352db0acb01a8dcf0c421bcd4316ddfc889a8,UNASSESSED,,,,,,,Docpipe family/phase heuristic; verify semantic definition and scope.
DAT-03,3,4,1,Arepo-Medtech/makoha-spec,974352db0acb01a8dcf0c421bcd4316ddfc889a8,UNASSESSED,,,,,,,Docpipe family/phase heuristic; verify semantic definition and scope.
DAT-04,3,4,1,Arepo-Medtech/makoha-spec,974352db0acb01a8dcf0c421bcd4316ddfc889a8,UNASSESSED,,,,,,,Docpipe family/phase heuristic; verify semantic definition and scope.
DAT-05,3,4,1,Arepo-Medtech/makoha-spec,974352db0acb01a8dcf0c421bcd4316ddfc889a8,UNASSESSED,,,,,,,Docpipe family/phase heuristic; verify semantic definition and scope.
DAT-06,3,4;5,2,Arepo-Medtech/makoha-spec,974352db0acb01a8dcf0c421bcd4316ddfc889a8,UNASSESSED,,,,,,,Docpipe family/phase heuristic; verify semantic definition and scope.
DAT-07,3,4,1,Arepo-Medtech/makoha-spec,974352db0acb01a8dcf0c421bcd4316ddfc889a8,UNASSESSED,,,,,,,Docpipe family/phase heuristic; verify semantic definition and scope.
DAT-08,3,4,1,Arepo-Medtech/makoha-spec,974352db0acb01a8dcf0c421bcd4316ddfc889a8,UNASSESSED,,,,,,,Docpipe family/phase heuristic; verify semantic definition and scope.
DAT-09,3,4,1,Arepo-Medtech/makoha-spec,974352db0acb01a8dcf0c421bcd4316ddfc889a8,UNASSESSED,,,,,,,Docpipe family/phase heuristic; verify semantic definition and scope.
DAT-10,3,4,1,Arepo-Medtech/makoha-spec,974352db0acb01a8dcf0c421bcd4316ddfc889a8,UNASSESSED,,,,,,,Docpipe family/phase heuristic; verify semantic definition and scope.
PERF-01,3,4,2,Arepo-Medtech/makoha-spec,974352db0acb01a8dcf0c421bcd4316ddfc889a8,UNASSESSED,,,,,,,Docpipe family/phase heuristic; verify semantic definition and scope.
PERF-02,3,4,2,Arepo-Medtech/makoha-spec,974352db0acb01a8dcf0c421bcd4316ddfc889a8,UNASSESSED,,,,,,,Docpipe family/phase heuristic; verify semantic definition and scope.
PERF-03,3,4,1,Arepo-Medtech/makoha-spec,974352db0acb01a8dcf0c421bcd4316ddfc889a8,UNASSESSED,,,,,,,Docpipe family/phase heuristic; verify semantic definition and scope.
PERF-04,3,4,1,Arepo-Medtech/makoha-spec,974352db0acb01a8dcf0c421bcd4316ddfc889a8,UNASSESSED,,,,,,,Docpipe family/phase heuristic; verify semantic definition and scope.
PERF-05,3,4,1,Arepo-Medtech/makoha-spec,974352db0acb01a8dcf0c421bcd4316ddfc889a8,UNASSESSED,,,,,,,Docpipe family/phase heuristic; verify semantic definition and scope.
PERF-06,3,4,1,Arepo-Medtech/makoha-spec,974352db0acb01a8dcf0c421bcd4316ddfc889a8,UNASSESSED,,,,,,,Docpipe family/phase heuristic; verify semantic definition and scope.
PERF-07,3,4,1,Arepo-Medtech/makoha-spec,974352db0acb01a8dcf0c421bcd4316ddfc889a8,UNASSESSED,,,,,,,Docpipe family/phase heuristic; verify semantic definition and scope.
PERF-08,3,4,1,Arepo-Medtech/makoha-spec,974352db0acb01a8dcf0c421bcd4316ddfc889a8,UNASSESSED,,,,,,,Docpipe family/phase heuristic; verify semantic definition and scope.
PERF-09,3,4,1,Arepo-Medtech/makoha-spec,974352db0acb01a8dcf0c421bcd4316ddfc889a8,UNASSESSED,,,,,,,Docpipe family/phase heuristic; verify semantic definition and scope.
PERF-10,3,4,1,Arepo-Medtech/makoha-spec,974352db0acb01a8dcf0c421bcd4316ddfc889a8,UNASSESSED,,,,,,,Docpipe family/phase heuristic; verify semantic definition and scope.
PERF-11,3,4,1,Arepo-Medtech/makoha-spec,974352db0acb01a8dcf0c421bcd4316ddfc889a8,UNASSESSED,,,,,,,Docpipe family/phase heuristic; verify semantic definition and scope.
PERF-12,3,4;5,6,Arepo-Medtech/makoha-spec,974352db0acb01a8dcf0c421bcd4316ddfc889a8,UNASSESSED,,,,,,,Docpipe family/phase heuristic; verify semantic definition and scope.
MN-01,3,5,4,Arepo-Medtech/makoha-spec,974352db0acb01a8dcf0c421bcd4316ddfc889a8,UNASSESSED,,,,,,,Docpipe family/phase heuristic; verify semantic definition and scope.
MN-02,3,5,2,Arepo-Medtech/makoha-spec,974352db0acb01a8dcf0c421bcd4316ddfc889a8,UNASSESSED,,,,,,,Docpipe family/phase heuristic; verify semantic definition and scope.
MN-03,3,5,5,Arepo-Medtech/makoha-spec,974352db0acb01a8dcf0c421bcd4316ddfc889a8,UNASSESSED,,,,,,,Docpipe family/phase heuristic; verify semantic definition and scope.
MN-04,3,5,3,Arepo-Medtech/makoha-spec,974352db0acb01a8dcf0c421bcd4316ddfc889a8,UNASSESSED,,,,,,,Docpipe family/phase heuristic; verify semantic definition and scope.
MN-05,3,5,4,Arepo-Medtech/makoha-spec,974352db0acb01a8dcf0c421bcd4316ddfc889a8,UNASSESSED,,,,,,,Docpipe family/phase heuristic; verify semantic definition and scope.
MN-06,3,5,3,Arepo-Medtech/makoha-spec,974352db0acb01a8dcf0c421bcd4316ddfc889a8,UNASSESSED,,,,,,,Docpipe family/phase heuristic; verify semantic definition and scope.
MN-07,3,5,3,Arepo-Medtech/makoha-spec,974352db0acb01a8dcf0c421bcd4316ddfc889a8,UNASSESSED,,,,,,,Docpipe family/phase heuristic; verify semantic definition and scope.
MN-08,3,5,3,Arepo-Medtech/makoha-spec,974352db0acb01a8dcf0c421bcd4316ddfc889a8,UNASSESSED,,,,,,,Docpipe family/phase heuristic; verify semantic definition and scope.
MN-09,3,5,3,Arepo-Medtech/makoha-spec,974352db0acb01a8dcf0c421bcd4316ddfc889a8,UNASSESSED,,,,,,,Docpipe family/phase heuristic; verify semantic definition and scope.
MN-10,3,5,4,Arepo-Medtech/makoha-spec,974352db0acb01a8dcf0c421bcd4316ddfc889a8,UNASSESSED,,,,,,,Docpipe family/phase heuristic; verify semantic definition and scope.
MN-11,3,5,4,Arepo-Medtech/makoha-spec,974352db0acb01a8dcf0c421bcd4316ddfc889a8,UNASSESSED,,,,,,,Docpipe family/phase heuristic; verify semantic definition and scope.
MN-12,3,5,3,Arepo-Medtech/makoha-spec,974352db0acb01a8dcf0c421bcd4316ddfc889a8,UNASSESSED,,,,,,,Docpipe family/phase heuristic; verify semantic definition and scope.
MN-13,3,5,4,Arepo-Medtech/makoha-spec,974352db0acb01a8dcf0c421bcd4316ddfc889a8,UNASSESSED,,,,,,,Docpipe family/phase heuristic; verify semantic definition and scope.
TIF-01,4,5,2,Arepo-Medtech/makoha-spec,974352db0acb01a8dcf0c421bcd4316ddfc889a8,UNASSESSED,,,,,,,Docpipe family/phase heuristic; verify semantic definition and scope.
TIF-15,4,,0,Arepo-Medtech/makoha-spec,974352db0acb01a8dcf0c421bcd4316ddfc889a8,UNASSESSED,,,,,,,Docpipe family/phase heuristic; verify semantic definition and scope.
COMP-01,4,,0,Arepo-Medtech/makoha-spec,974352db0acb01a8dcf0c421bcd4316ddfc889a8,UNASSESSED,,,,,,,Docpipe family/phase heuristic; verify semantic definition and scope.
COMP-02,4,,0,Arepo-Medtech/makoha-spec,974352db0acb01a8dcf0c421bcd4316ddfc889a8,UNASSESSED,,,,,,,Docpipe family/phase heuristic; verify semantic definition and scope.
COMP-03,4,,0,Arepo-Medtech/makoha-spec,974352db0acb01a8dcf0c421bcd4316ddfc889a8,UNASSESSED,,,,,,,Docpipe family/phase heuristic; verify semantic definition and scope.
COMP-04,4,,0,Arepo-Medtech/makoha-spec,974352db0acb01a8dcf0c421bcd4316ddfc889a8,UNASSESSED,,,,,,,Docpipe family/phase heuristic; verify semantic definition and scope.
COMP-05,4,,0,Arepo-Medtech/makoha-spec,974352db0acb01a8dcf0c421bcd4316ddfc889a8,UNASSESSED,,,,,,,Docpipe family/phase heuristic; verify semantic definition and scope.
COMP-06,4,,0,Arepo-Medtech/makoha-spec,974352db0acb01a8dcf0c421bcd4316ddfc889a8,UNASSESSED,,,,,,,Docpipe family/phase heuristic; verify semantic definition and scope.
COMP-07,4,,0,Arepo-Medtech/makoha-spec,974352db0acb01a8dcf0c421bcd4316ddfc889a8,UNASSESSED,,,,,,,Docpipe family/phase heuristic; verify semantic definition and scope.
COMP-08,4,,0,Arepo-Medtech/makoha-spec,974352db0acb01a8dcf0c421bcd4316ddfc889a8,UNASSESSED,,,,,,,Docpipe family/phase heuristic; verify semantic definition and scope.
COMP-09,4,,0,Arepo-Medtech/makoha-spec,974352db0acb01a8dcf0c421bcd4316ddfc889a8,UNASSESSED,,,,,,,Docpipe family/phase heuristic; verify semantic definition and scope.
COMP-10,4,,0,Arepo-Medtech/makoha-spec,974352db0acb01a8dcf0c421bcd4316ddfc889a8,UNASSESSED,,,,,,,Docpipe family/phase heuristic; verify semantic definition and scope.
COMP-11,4,5,1,Arepo-Medtech/makoha-spec,974352db0acb01a8dcf0c421bcd4316ddfc889a8,UNASSESSED,,,,,,,Docpipe family/phase heuristic; verify semantic definition and scope.
COMP-12,4,,0,Arepo-Medtech/makoha-spec,974352db0acb01a8dcf0c421bcd4316ddfc889a8,UNASSESSED,,,,,,,Docpipe family/phase heuristic; verify semantic definition and scope.
COMP-13,4,5,1,Arepo-Medtech/makoha-spec,974352db0acb01a8dcf0c421bcd4316ddfc889a8,UNASSESSED,,,,,,,Docpipe family/phase heuristic; verify semantic definition and scope.
COMP-14,4,,0,Arepo-Medtech/makoha-spec,974352db0acb01a8dcf0c421bcd4316ddfc889a8,UNASSESSED,,,,,,,Docpipe family/phase heuristic; verify semantic definition and scope.
COMP-15,4,,0,Arepo-Medtech/makoha-spec,974352db0acb01a8dcf0c421bcd4316ddfc889a8,UNASSESSED,,,,,,,Docpipe family/phase heuristic; verify semantic definition and scope.
COMP-16,4,,0,Arepo-Medtech/makoha-spec,974352db0acb01a8dcf0c421bcd4316ddfc889a8,UNASSESSED,,,,,,,Docpipe family/phase heuristic; verify semantic definition and scope.
COMP-17,4,,0,Arepo-Medtech/makoha-spec,974352db0acb01a8dcf0c421bcd4316ddfc889a8,UNASSESSED,,,,,,,Docpipe family/phase heuristic; verify semantic definition and scope.
COMP-18,4,,0,Arepo-Medtech/makoha-spec,974352db0acb01a8dcf0c421bcd4316ddfc889a8,UNASSESSED,,,,,,,Docpipe family/phase heuristic; verify semantic definition and scope.
COMP-19,4,,0,Arepo-Medtech/makoha-spec,974352db0acb01a8dcf0c421bcd4316ddfc889a8,UNASSESSED,,,,,,,Docpipe family/phase heuristic; verify semantic definition and scope.
COMP-20,4,5,1,Arepo-Medtech/makoha-spec,974352db0acb01a8dcf0c421bcd4316ddfc889a8,UNASSESSED,,,,,,,Docpipe family/phase heuristic; verify semantic definition and scope.
COMP-21,4,,0,Arepo-Medtech/makoha-spec,974352db0acb01a8dcf0c421bcd4316ddfc889a8,UNASSESSED,,,,,,,Docpipe family/phase heuristic; verify semantic definition and scope.
COMP-22,4,,0,Arepo-Medtech/makoha-spec,974352db0acb01a8dcf0c421bcd4316ddfc889a8,UNASSESSED,,,,,,,Docpipe family/phase heuristic; verify semantic definition and scope.
COMP-23,4,,0,Arepo-Medtech/makoha-spec,974352db0acb01a8dcf0c421bcd4316ddfc889a8,UNASSESSED,,,,,,,Docpipe family/phase heuristic; verify semantic definition and scope.
COMP-24,4,,0,Arepo-Medtech/makoha-spec,974352db0acb01a8dcf0c421bcd4316ddfc889a8,UNASSESSED,,,,,,,Docpipe family/phase heuristic; verify semantic definition and scope.
TIF-02,4,5,5,Arepo-Medtech/makoha-spec,974352db0acb01a8dcf0c421bcd4316ddfc889a8,UNASSESSED,,,,,,,Docpipe family/phase heuristic; verify semantic definition and scope.
TIF-03,4,5,4,Arepo-Medtech/makoha-spec,974352db0acb01a8dcf0c421bcd4316ddfc889a8,UNASSESSED,,,,,,,Docpipe family/phase heuristic; verify semantic definition and scope.
TIF-04,4,5,1,Arepo-Medtech/makoha-spec,974352db0acb01a8dcf0c421bcd4316ddfc889a8,UNASSESSED,,,,,,,Docpipe family/phase heuristic; verify semantic definition and scope.
TIF-05,4,5,1,Arepo-Medtech/makoha-spec,974352db0acb01a8dcf0c421bcd4316ddfc889a8,UNASSESSED,,,,,,,Docpipe family/phase heuristic; verify semantic definition and scope.
TIF-06,4,,0,Arepo-Medtech/makoha-spec,974352db0acb01a8dcf0c421bcd4316ddfc889a8,UNASSESSED,,,,,,,Docpipe family/phase heuristic; verify semantic definition and scope.
TIF-07,4,5,1,Arepo-Medtech/makoha-spec,974352db0acb01a8dcf0c421bcd4316ddfc889a8,UNASSESSED,,,,,,,Docpipe family/phase heuristic; verify semantic definition and scope.
TIF-08,4,5,2,Arepo-Medtech/makoha-spec,974352db0acb01a8dcf0c421bcd4316ddfc889a8,UNASSESSED,,,,,,,Docpipe family/phase heuristic; verify semantic definition and scope.
TIF-13,4,5,1,Arepo-Medtech/makoha-spec,974352db0acb01a8dcf0c421bcd4316ddfc889a8,UNASSESSED,,,,,,,Docpipe family/phase heuristic; verify semantic definition and scope.
TIF-09,4,5,3,Arepo-Medtech/makoha-spec,974352db0acb01a8dcf0c421bcd4316ddfc889a8,UNASSESSED,,,,,,,Docpipe family/phase heuristic; verify semantic definition and scope.
TIF-10,4,5,1,Arepo-Medtech/makoha-spec,974352db0acb01a8dcf0c421bcd4316ddfc889a8,UNASSESSED,,,,,,,Docpipe family/phase heuristic; verify semantic definition and scope.
TIF-11,4,5,1,Arepo-Medtech/makoha-spec,974352db0acb01a8dcf0c421bcd4316ddfc889a8,UNASSESSED,,,,,,,Docpipe family/phase heuristic; verify semantic definition and scope.
TIF-12,4,5,1,Arepo-Medtech/makoha-spec,974352db0acb01a8dcf0c421bcd4316ddfc889a8,UNASSESSED,,,,,,,Docpipe family/phase heuristic; verify semantic definition and scope.
TIF-14,4,5,1,Arepo-Medtech/makoha-spec,974352db0acb01a8dcf0c421bcd4316ddfc889a8,UNASSESSED,,,,,,,Docpipe family/phase heuristic; verify semantic definition and scope.
TIF-16,4,5;6,2,Arepo-Medtech/makoha-spec,974352db0acb01a8dcf0c421bcd4316ddfc889a8,UNASSESSED,,,,,,,Docpipe family/phase heuristic; verify semantic definition and scope.
TIF-17,4,5,1,Arepo-Medtech/makoha-spec,974352db0acb01a8dcf0c421bcd4316ddfc889a8,UNASSESSED,,,,,,,Docpipe family/phase heuristic; verify semantic definition and scope.
TIF-18,4,5,1,Arepo-Medtech/makoha-spec,974352db0acb01a8dcf0c421bcd4316ddfc889a8,UNASSESSED,,,,,,,Docpipe family/phase heuristic; verify semantic definition and scope.
TECH-01,4,,0,Arepo-Medtech/makoha-spec,974352db0acb01a8dcf0c421bcd4316ddfc889a8,UNASSESSED,,,,,,,Docpipe family/phase heuristic; verify semantic definition and scope.
TECH-02,4,,0,Arepo-Medtech/makoha-spec,974352db0acb01a8dcf0c421bcd4316ddfc889a8,UNASSESSED,,,,,,,Docpipe family/phase heuristic; verify semantic definition and scope.
TECH-03,4,,0,Arepo-Medtech/makoha-spec,974352db0acb01a8dcf0c421bcd4316ddfc889a8,UNASSESSED,,,,,,,Docpipe family/phase heuristic; verify semantic definition and scope.
TECH-04,4,,0,Arepo-Medtech/makoha-spec,974352db0acb01a8dcf0c421bcd4316ddfc889a8,UNASSESSED,,,,,,,Docpipe family/phase heuristic; verify semantic definition and scope.
TECH-05,4,,0,Arepo-Medtech/makoha-spec,974352db0acb01a8dcf0c421bcd4316ddfc889a8,UNASSESSED,,,,,,,Docpipe family/phase heuristic; verify semantic definition and scope.
TECH-06,4,,0,Arepo-Medtech/makoha-spec,974352db0acb01a8dcf0c421bcd4316ddfc889a8,UNASSESSED,,,,,,,Docpipe family/phase heuristic; verify semantic definition and scope.
TECH-07,4,,0,Arepo-Medtech/makoha-spec,974352db0acb01a8dcf0c421bcd4316ddfc889a8,UNASSESSED,,,,,,,Docpipe family/phase heuristic; verify semantic definition and scope.
TECH-08,4,5,1,Arepo-Medtech/makoha-spec,974352db0acb01a8dcf0c421bcd4316ddfc889a8,UNASSESSED,,,,,,,Docpipe family/phase heuristic; verify semantic definition and scope.
TECH-09,4,,0,Arepo-Medtech/makoha-spec,974352db0acb01a8dcf0c421bcd4316ddfc889a8,UNASSESSED,,,,,,,Docpipe family/phase heuristic; verify semantic definition and scope.
TECH-10,4,,0,Arepo-Medtech/makoha-spec,974352db0acb01a8dcf0c421bcd4316ddfc889a8,UNASSESSED,,,,,,,Docpipe family/phase heuristic; verify semantic definition and scope.
TECH-11,4,,0,Arepo-Medtech/makoha-spec,974352db0acb01a8dcf0c421bcd4316ddfc889a8,UNASSESSED,,,,,,,Docpipe family/phase heuristic; verify semantic definition and scope.
TECH-12,4,,0,Arepo-Medtech/makoha-spec,974352db0acb01a8dcf0c421bcd4316ddfc889a8,UNASSESSED,,,,,,,Docpipe family/phase heuristic; verify semantic definition and scope.
TECH-13,4,,0,Arepo-Medtech/makoha-spec,974352db0acb01a8dcf0c421bcd4316ddfc889a8,UNASSESSED,,,,,,,Docpipe family/phase heuristic; verify semantic definition and scope.
TECH-14,4,,0,Arepo-Medtech/makoha-spec,974352db0acb01a8dcf0c421bcd4316ddfc889a8,UNASSESSED,,,,,,,Docpipe family/phase heuristic; verify semantic definition and scope.
TECH-15,4,,0,Arepo-Medtech/makoha-spec,974352db0acb01a8dcf0c421bcd4316ddfc889a8,UNASSESSED,,,,,,,Docpipe family/phase heuristic; verify semantic definition and scope.
TGT-01,4,5,3,Arepo-Medtech/makoha-spec,974352db0acb01a8dcf0c421bcd4316ddfc889a8,UNASSESSED,,,,,,,Docpipe family/phase heuristic; verify semantic definition and scope.
TGT-02,4,5,2,Arepo-Medtech/makoha-spec,974352db0acb01a8dcf0c421bcd4316ddfc889a8,UNASSESSED,,,,,,,Docpipe family/phase heuristic; verify semantic definition and scope.
TGT-03,4,5,2,Arepo-Medtech/makoha-spec,974352db0acb01a8dcf0c421bcd4316ddfc889a8,UNASSESSED,,,,,,,Docpipe family/phase heuristic; verify semantic definition and scope.
TGT-04,4,5,3,Arepo-Medtech/makoha-spec,974352db0acb01a8dcf0c421bcd4316ddfc889a8,UNASSESSED,,,,,,,Docpipe family/phase heuristic; verify semantic definition and scope.
TGT-05,4,5,2,Arepo-Medtech/makoha-spec,974352db0acb01a8dcf0c421bcd4316ddfc889a8,UNASSESSED,,,,,,,Docpipe family/phase heuristic; verify semantic definition and scope.
TGT-06,4,5,2,Arepo-Medtech/makoha-spec,974352db0acb01a8dcf0c421bcd4316ddfc889a8,UNASSESSED,,,,,,,Docpipe family/phase heuristic; verify semantic definition and scope.
TGT-07,4,5,3,Arepo-Medtech/makoha-spec,974352db0acb01a8dcf0c421bcd4316ddfc889a8,UNASSESSED,,,,,,,Docpipe family/phase heuristic; verify semantic definition and scope.
TGT-08,4,5,3,Arepo-Medtech/makoha-spec,974352db0acb01a8dcf0c421bcd4316ddfc889a8,UNASSESSED,,,,,,,Docpipe family/phase heuristic; verify semantic definition and scope.
TGT-09,4,5,2,Arepo-Medtech/makoha-spec,974352db0acb01a8dcf0c421bcd4316ddfc889a8,UNASSESSED,,,,,,,Docpipe family/phase heuristic; verify semantic definition and scope.
TGT-10,4,5,3,Arepo-Medtech/makoha-spec,974352db0acb01a8dcf0c421bcd4316ddfc889a8,UNASSESSED,,,,,,,Docpipe family/phase heuristic; verify semantic definition and scope.
TGT-11,4,5,6,Arepo-Medtech/makoha-spec,974352db0acb01a8dcf0c421bcd4316ddfc889a8,UNASSESSED,,,,,,,Docpipe family/phase heuristic; verify semantic definition and scope.
TGT-12,4,5,2,Arepo-Medtech/makoha-spec,974352db0acb01a8dcf0c421bcd4316ddfc889a8,UNASSESSED,,,,,,,Docpipe family/phase heuristic; verify semantic definition and scope.
TGT-13,4,5,3,Arepo-Medtech/makoha-spec,974352db0acb01a8dcf0c421bcd4316ddfc889a8,UNASSESSED,,,,,,,Docpipe family/phase heuristic; verify semantic definition and scope.
TGT-14,4,5,3,Arepo-Medtech/makoha-spec,974352db0acb01a8dcf0c421bcd4316ddfc889a8,UNASSESSED,,,,,,,Docpipe family/phase heuristic; verify semantic definition and scope.
TGT-15,4,5,2,Arepo-Medtech/makoha-spec,974352db0acb01a8dcf0c421bcd4316ddfc889a8,UNASSESSED,,,,,,,Docpipe family/phase heuristic; verify semantic definition and scope.
TGT-16,4,5,3,Arepo-Medtech/makoha-spec,974352db0acb01a8dcf0c421bcd4316ddfc889a8,UNASSESSED,,,,,,,Docpipe family/phase heuristic; verify semantic definition and scope.
STD-01,4,5,2,Arepo-Medtech/makoha-spec,974352db0acb01a8dcf0c421bcd4316ddfc889a8,UNASSESSED,,,,,,,Docpipe family/phase heuristic; verify semantic definition and scope.
STD-02,4,,0,Arepo-Medtech/makoha-spec,974352db0acb01a8dcf0c421bcd4316ddfc889a8,UNASSESSED,,,,,,,Docpipe family/phase heuristic; verify semantic definition and scope.
STD-03,4,5,1,Arepo-Medtech/makoha-spec,974352db0acb01a8dcf0c421bcd4316ddfc889a8,UNASSESSED,,,,,,,Docpipe family/phase heuristic; verify semantic definition and scope.
STD-04,4,,0,Arepo-Medtech/makoha-spec,974352db0acb01a8dcf0c421bcd4316ddfc889a8,UNASSESSED,,,,,,,Docpipe family/phase heuristic; verify semantic definition and scope.
STD-05,4,5,2,Arepo-Medtech/makoha-spec,974352db0acb01a8dcf0c421bcd4316ddfc889a8,UNASSESSED,,,,,,,Docpipe family/phase heuristic; verify semantic definition and scope.
STD-06,4,,0,Arepo-Medtech/makoha-spec,974352db0acb01a8dcf0c421bcd4316ddfc889a8,UNASSESSED,,,,,,,Docpipe family/phase heuristic; verify semantic definition and scope.
STD-07,4,,0,Arepo-Medtech/makoha-spec,974352db0acb01a8dcf0c421bcd4316ddfc889a8,UNASSESSED,,,,,,,Docpipe family/phase heuristic; verify semantic definition and scope.
STD-08,4,,0,Arepo-Medtech/makoha-spec,974352db0acb01a8dcf0c421bcd4316ddfc889a8,UNASSESSED,,,,,,,Docpipe family/phase heuristic; verify semantic definition and scope.
STD-09,4,5,1,Arepo-Medtech/makoha-spec,974352db0acb01a8dcf0c421bcd4316ddfc889a8,UNASSESSED,,,,,,,Docpipe family/phase heuristic; verify semantic definition and scope.
STD-10,4,,0,Arepo-Medtech/makoha-spec,974352db0acb01a8dcf0c421bcd4316ddfc889a8,UNASSESSED,,,,,,,Docpipe family/phase heuristic; verify semantic definition and scope.
STD-11,4,,0,Arepo-Medtech/makoha-spec,974352db0acb01a8dcf0c421bcd4316ddfc889a8,UNASSESSED,,,,,,,Docpipe family/phase heuristic; verify semantic definition and scope.
STD-12,4,,0,Arepo-Medtech/makoha-spec,974352db0acb01a8dcf0c421bcd4316ddfc889a8,UNASSESSED,,,,,,,Docpipe family/phase heuristic; verify semantic definition and scope.
STD-13,4,,0,Arepo-Medtech/makoha-spec,974352db0acb01a8dcf0c421bcd4316ddfc889a8,UNASSESSED,,,,,,,Docpipe family/phase heuristic; verify semantic definition and scope.
STD-14,4,,0,Arepo-Medtech/makoha-spec,974352db0acb01a8dcf0c421bcd4316ddfc889a8,UNASSESSED,,,,,,,Docpipe family/phase heuristic; verify semantic definition and scope.
STD-15,4,,0,Arepo-Medtech/makoha-spec,974352db0acb01a8dcf0c421bcd4316ddfc889a8,UNASSESSED,,,,,,,Docpipe family/phase heuristic; verify semantic definition and scope.
STD-16,4,,0,Arepo-Medtech/makoha-spec,974352db0acb01a8dcf0c421bcd4316ddfc889a8,UNASSESSED,,,,,,,Docpipe family/phase heuristic; verify semantic definition and scope.
DEC-01,4,,0,Arepo-Medtech/makoha-spec,974352db0acb01a8dcf0c421bcd4316ddfc889a8,UNASSESSED,,,,,,,Docpipe family/phase heuristic; verify semantic definition and scope.
DEC-05,4,,0,Arepo-Medtech/makoha-spec,974352db0acb01a8dcf0c421bcd4316ddfc889a8,UNASSESSED,,,,,,,Docpipe family/phase heuristic; verify semantic definition and scope.
DEC-02,4,5,1,Arepo-Medtech/makoha-spec,974352db0acb01a8dcf0c421bcd4316ddfc889a8,UNASSESSED,,,,,,,Docpipe family/phase heuristic; verify semantic definition and scope.
DEC-03,4,,0,Arepo-Medtech/makoha-spec,974352db0acb01a8dcf0c421bcd4316ddfc889a8,UNASSESSED,,,,,,,Docpipe family/phase heuristic; verify semantic definition and scope.
DEC-04,4,,0,Arepo-Medtech/makoha-spec,974352db0acb01a8dcf0c421bcd4316ddfc889a8,UNASSESSED,,,,,,,Docpipe family/phase heuristic; verify semantic definition and scope.
DEC-06,4,,0,Arepo-Medtech/makoha-spec,974352db0acb01a8dcf0c421bcd4316ddfc889a8,UNASSESSED,,,,,,,Docpipe family/phase heuristic; verify semantic definition and scope.
DEC-07,4,,0,Arepo-Medtech/makoha-spec,974352db0acb01a8dcf0c421bcd4316ddfc889a8,UNASSESSED,,,,,,,Docpipe family/phase heuristic; verify semantic definition and scope.
REQ-001,5,6,2,Arepo-Medtech/makoha-spec,974352db0acb01a8dcf0c421bcd4316ddfc889a8,UNASSESSED,,,,,,,Docpipe family/phase heuristic; verify semantic definition and scope.
REQ-002,5,6,2,Arepo-Medtech/makoha-spec,974352db0acb01a8dcf0c421bcd4316ddfc889a8,UNASSESSED,,,,,,,Docpipe family/phase heuristic; verify semantic definition and scope.
REQ-003,5,6,2,Arepo-Medtech/makoha-spec,974352db0acb01a8dcf0c421bcd4316ddfc889a8,UNASSESSED,,,,,,,Docpipe family/phase heuristic; verify semantic definition and scope.
REQ-004,5,6,2,Arepo-Medtech/makoha-spec,974352db0acb01a8dcf0c421bcd4316ddfc889a8,UNASSESSED,,,,,,,Docpipe family/phase heuristic; verify semantic definition and scope.
REQ-005,5,6,2,Arepo-Medtech/makoha-spec,974352db0acb01a8dcf0c421bcd4316ddfc889a8,UNASSESSED,,,,,,,Docpipe family/phase heuristic; verify semantic definition and scope.
REQ-006,5,6,2,Arepo-Medtech/makoha-spec,974352db0acb01a8dcf0c421bcd4316ddfc889a8,UNASSESSED,,,,,,,Docpipe family/phase heuristic; verify semantic definition and scope.
REQ-007,5,6,2,Arepo-Medtech/makoha-spec,974352db0acb01a8dcf0c421bcd4316ddfc889a8,UNASSESSED,,,,,,,Docpipe family/phase heuristic; verify semantic definition and scope.
REQ-008,5,6,2,Arepo-Medtech/makoha-spec,974352db0acb01a8dcf0c421bcd4316ddfc889a8,UNASSESSED,,,,,,,Docpipe family/phase heuristic; verify semantic definition and scope.
REQ-009,5,6,2,Arepo-Medtech/makoha-spec,974352db0acb01a8dcf0c421bcd4316ddfc889a8,UNASSESSED,,,,,,,Docpipe family/phase heuristic; verify semantic definition and scope.
REQ-011,5,6,2,Arepo-Medtech/makoha-spec,974352db0acb01a8dcf0c421bcd4316ddfc889a8,UNASSESSED,,,,,,,Docpipe family/phase heuristic; verify semantic definition and scope.
REQ-012,5,6,2,Arepo-Medtech/makoha-spec,974352db0acb01a8dcf0c421bcd4316ddfc889a8,UNASSESSED,,,,,,,Docpipe family/phase heuristic; verify semantic definition and scope.
REQ-013,5,6,2,Arepo-Medtech/makoha-spec,974352db0acb01a8dcf0c421bcd4316ddfc889a8,UNASSESSED,,,,,,,Docpipe family/phase heuristic; verify semantic definition and scope.
REQ-014,5,6,2,Arepo-Medtech/makoha-spec,974352db0acb01a8dcf0c421bcd4316ddfc889a8,UNASSESSED,,,,,,,Docpipe family/phase heuristic; verify semantic definition and scope.
REQ-015,5,6,2,Arepo-Medtech/makoha-spec,974352db0acb01a8dcf0c421bcd4316ddfc889a8,UNASSESSED,,,,,,,Docpipe family/phase heuristic; verify semantic definition and scope.
REQ-016,5,6,2,Arepo-Medtech/makoha-spec,974352db0acb01a8dcf0c421bcd4316ddfc889a8,UNASSESSED,,,,,,,Docpipe family/phase heuristic; verify semantic definition and scope.
REQ-017,5,6,2,Arepo-Medtech/makoha-spec,974352db0acb01a8dcf0c421bcd4316ddfc889a8,UNASSESSED,,,,,,,Docpipe family/phase heuristic; verify semantic definition and scope.
REQ-018,5,6,2,Arepo-Medtech/makoha-spec,974352db0acb01a8dcf0c421bcd4316ddfc889a8,UNASSESSED,,,,,,,Docpipe family/phase heuristic; verify semantic definition and scope.
REQ-020,5,6,2,Arepo-Medtech/makoha-spec,974352db0acb01a8dcf0c421bcd4316ddfc889a8,UNASSESSED,,,,,,,Docpipe family/phase heuristic; verify semantic definition and scope.
REQ-021,5,6,2,Arepo-Medtech/makoha-spec,974352db0acb01a8dcf0c421bcd4316ddfc889a8,UNASSESSED,,,,,,,Docpipe family/phase heuristic; verify semantic definition and scope.
REQ-022,5,6,2,Arepo-Medtech/makoha-spec,974352db0acb01a8dcf0c421bcd4316ddfc889a8,UNASSESSED,,,,,,,Docpipe family/phase heuristic; verify semantic definition and scope.
REQ-023,5,6,2,Arepo-Medtech/makoha-spec,974352db0acb01a8dcf0c421bcd4316ddfc889a8,UNASSESSED,,,,,,,Docpipe family/phase heuristic; verify semantic definition and scope.
REQ-024,5,6,2,Arepo-Medtech/makoha-spec,974352db0acb01a8dcf0c421bcd4316ddfc889a8,UNASSESSED,,,,,,,Docpipe family/phase heuristic; verify semantic definition and scope.
REQ-025,5,6,2,Arepo-Medtech/makoha-spec,974352db0acb01a8dcf0c421bcd4316ddfc889a8,UNASSESSED,,,,,,,Docpipe family/phase heuristic; verify semantic definition and scope.
REQ-027,5,6,2,Arepo-Medtech/makoha-spec,974352db0acb01a8dcf0c421bcd4316ddfc889a8,UNASSESSED,,,,,,,Docpipe family/phase heuristic; verify semantic definition and scope.
REQ-028,5,6,2,Arepo-Medtech/makoha-spec,974352db0acb01a8dcf0c421bcd4316ddfc889a8,UNASSESSED,,,,,,,Docpipe family/phase heuristic; verify semantic definition and scope.
REQ-029,5,6,2,Arepo-Medtech/makoha-spec,974352db0acb01a8dcf0c421bcd4316ddfc889a8,UNASSESSED,,,,,,,Docpipe family/phase heuristic; verify semantic definition and scope.
REQ-030,5,6,2,Arepo-Medtech/makoha-spec,974352db0acb01a8dcf0c421bcd4316ddfc889a8,UNASSESSED,,,,,,,Docpipe family/phase heuristic; verify semantic definition and scope.
REQ-031,5,6,2,Arepo-Medtech/makoha-spec,974352db0acb01a8dcf0c421bcd4316ddfc889a8,UNASSESSED,,,,,,,Docpipe family/phase heuristic; verify semantic definition and scope.
REQ-032,5,6,2,Arepo-Medtech/makoha-spec,974352db0acb01a8dcf0c421bcd4316ddfc889a8,UNASSESSED,,,,,,,Docpipe family/phase heuristic; verify semantic definition and scope.
REQ-033,5,6,2,Arepo-Medtech/makoha-spec,974352db0acb01a8dcf0c421bcd4316ddfc889a8,UNASSESSED,,,,,,,Docpipe family/phase heuristic; verify semantic definition and scope.
REQ-034,5,6,2,Arepo-Medtech/makoha-spec,974352db0acb01a8dcf0c421bcd4316ddfc889a8,UNASSESSED,,,,,,,Docpipe family/phase heuristic; verify semantic definition and scope.
REQ-035,5,6,2,Arepo-Medtech/makoha-spec,974352db0acb01a8dcf0c421bcd4316ddfc889a8,UNASSESSED,,,,,,,Docpipe family/phase heuristic; verify semantic definition and scope.
REQ-036,5,6,2,Arepo-Medtech/makoha-spec,974352db0acb01a8dcf0c421bcd4316ddfc889a8,UNASSESSED,,,,,,,Docpipe family/phase heuristic; verify semantic definition and scope.
REQ-037,5,6,2,Arepo-Medtech/makoha-spec,974352db0acb01a8dcf0c421bcd4316ddfc889a8,UNASSESSED,,,,,,,Docpipe family/phase heuristic; verify semantic definition and scope.
REQ-039,5,6,2,Arepo-Medtech/makoha-spec,974352db0acb01a8dcf0c421bcd4316ddfc889a8,UNASSESSED,,,,,,,Docpipe family/phase heuristic; verify semantic definition and scope.
REQ-040,5,6,2,Arepo-Medtech/makoha-spec,974352db0acb01a8dcf0c421bcd4316ddfc889a8,UNASSESSED,,,,,,,Docpipe family/phase heuristic; verify semantic definition and scope.
REQ-041,5,6,2,Arepo-Medtech/makoha-spec,974352db0acb01a8dcf0c421bcd4316ddfc889a8,UNASSESSED,,,,,,,Docpipe family/phase heuristic; verify semantic definition and scope.
REQ-042,5,6,2,Arepo-Medtech/makoha-spec,974352db0acb01a8dcf0c421bcd4316ddfc889a8,UNASSESSED,,,,,,,Docpipe family/phase heuristic; verify semantic definition and scope.
REQ-043,5,6,2,Arepo-Medtech/makoha-spec,974352db0acb01a8dcf0c421bcd4316ddfc889a8,UNASSESSED,,,,,,,Docpipe family/phase heuristic; verify semantic definition and scope.
REQ-044,5,6,2,Arepo-Medtech/makoha-spec,974352db0acb01a8dcf0c421bcd4316ddfc889a8,UNASSESSED,,,,,,,Docpipe family/phase heuristic; verify semantic definition and scope.
REQ-045,5,6,2,Arepo-Medtech/makoha-spec,974352db0acb01a8dcf0c421bcd4316ddfc889a8,UNASSESSED,,,,,,,Docpipe family/phase heuristic; verify semantic definition and scope.
REQ-046,5,6,2,Arepo-Medtech/makoha-spec,974352db0acb01a8dcf0c421bcd4316ddfc889a8,UNASSESSED,,,,,,,Docpipe family/phase heuristic; verify semantic definition and scope.
REQ-047,5,6,2,Arepo-Medtech/makoha-spec,974352db0acb01a8dcf0c421bcd4316ddfc889a8,UNASSESSED,,,,,,,Docpipe family/phase heuristic; verify semantic definition and scope.
REQ-048,5,6,2,Arepo-Medtech/makoha-spec,974352db0acb01a8dcf0c421bcd4316ddfc889a8,UNASSESSED,,,,,,,Docpipe family/phase heuristic; verify semantic definition and scope.
REQ-049,5,6,2,Arepo-Medtech/makoha-spec,974352db0acb01a8dcf0c421bcd4316ddfc889a8,UNASSESSED,,,,,,,Docpipe family/phase heuristic; verify semantic definition and scope.
REQ-051,5,6,2,Arepo-Medtech/makoha-spec,974352db0acb01a8dcf0c421bcd4316ddfc889a8,UNASSESSED,,,,,,,Docpipe family/phase heuristic; verify semantic definition and scope.
REQ-052,5,6,2,Arepo-Medtech/makoha-spec,974352db0acb01a8dcf0c421bcd4316ddfc889a8,UNASSESSED,,,,,,,Docpipe family/phase heuristic; verify semantic definition and scope.
REQ-053,5,6,2,Arepo-Medtech/makoha-spec,974352db0acb01a8dcf0c421bcd4316ddfc889a8,UNASSESSED,,,,,,,Docpipe family/phase heuristic; verify semantic definition and scope.
REQ-054,5,6,2,Arepo-Medtech/makoha-spec,974352db0acb01a8dcf0c421bcd4316ddfc889a8,UNASSESSED,,,,,,,Docpipe family/phase heuristic; verify semantic definition and scope.
REQ-056,5,6,2,Arepo-Medtech/makoha-spec,974352db0acb01a8dcf0c421bcd4316ddfc889a8,UNASSESSED,,,,,,,Docpipe family/phase heuristic; verify semantic definition and scope.
REQ-057,5,6,2,Arepo-Medtech/makoha-spec,974352db0acb01a8dcf0c421bcd4316ddfc889a8,UNASSESSED,,,,,,,Docpipe family/phase heuristic; verify semantic definition and scope.
REQ-058,5,6,2,Arepo-Medtech/makoha-spec,974352db0acb01a8dcf0c421bcd4316ddfc889a8,UNASSESSED,,,,,,,Docpipe family/phase heuristic; verify semantic definition and scope.
REQ-059,5,6,2,Arepo-Medtech/makoha-spec,974352db0acb01a8dcf0c421bcd4316ddfc889a8,UNASSESSED,,,,,,,Docpipe family/phase heuristic; verify semantic definition and scope.
REQ-060,5,6,2,Arepo-Medtech/makoha-spec,974352db0acb01a8dcf0c421bcd4316ddfc889a8,UNASSESSED,,,,,,,Docpipe family/phase heuristic; verify semantic definition and scope.
REQ-061,5,6,2,Arepo-Medtech/makoha-spec,974352db0acb01a8dcf0c421bcd4316ddfc889a8,UNASSESSED,,,,,,,Docpipe family/phase heuristic; verify semantic definition and scope.
REQ-062,5,6,2,Arepo-Medtech/makoha-spec,974352db0acb01a8dcf0c421bcd4316ddfc889a8,UNASSESSED,,,,,,,Docpipe family/phase heuristic; verify semantic definition and scope.
REQ-063,5,6,2,Arepo-Medtech/makoha-spec,974352db0acb01a8dcf0c421bcd4316ddfc889a8,UNASSESSED,,,,,,,Docpipe family/phase heuristic; verify semantic definition and scope.
REQ-064,5,6,2,Arepo-Medtech/makoha-spec,974352db0acb01a8dcf0c421bcd4316ddfc889a8,UNASSESSED,,,,,,,Docpipe family/phase heuristic; verify semantic definition and scope.
REQ-065,5,6,2,Arepo-Medtech/makoha-spec,974352db0acb01a8dcf0c421bcd4316ddfc889a8,UNASSESSED,,,,,,,Docpipe family/phase heuristic; verify semantic definition and scope.
REQ-066,5,6,2,Arepo-Medtech/makoha-spec,974352db0acb01a8dcf0c421bcd4316ddfc889a8,UNASSESSED,,,,,,,Docpipe family/phase heuristic; verify semantic definition and scope.
REQ-067,5,6,2,Arepo-Medtech/makoha-spec,974352db0acb01a8dcf0c421bcd4316ddfc889a8,UNASSESSED,,,,,,,Docpipe family/phase heuristic; verify semantic definition and scope.
REQ-068,5,6,2,Arepo-Medtech/makoha-spec,974352db0acb01a8dcf0c421bcd4316ddfc889a8,UNASSESSED,,,,,,,Docpipe family/phase heuristic; verify semantic definition and scope.
REQ-069,5,6,2,Arepo-Medtech/makoha-spec,974352db0acb01a8dcf0c421bcd4316ddfc889a8,UNASSESSED,,,,,,,Docpipe family/phase heuristic; verify semantic definition and scope.
REQ-070,5,6,2,Arepo-Medtech/makoha-spec,974352db0acb01a8dcf0c421bcd4316ddfc889a8,UNASSESSED,,,,,,,Docpipe family/phase heuristic; verify semantic definition and scope.
REQ-071,5,6,2,Arepo-Medtech/makoha-spec,974352db0acb01a8dcf0c421bcd4316ddfc889a8,UNASSESSED,,,,,,,Docpipe family/phase heuristic; verify semantic definition and scope.
REQ-072,5,6,2,Arepo-Medtech/makoha-spec,974352db0acb01a8dcf0c421bcd4316ddfc889a8,UNASSESSED,,,,,,,Docpipe family/phase heuristic; verify semantic definition and scope.
REQ-073,5,6,2,Arepo-Medtech/makoha-spec,974352db0acb01a8dcf0c421bcd4316ddfc889a8,UNASSESSED,,,,,,,Docpipe family/phase heuristic; verify semantic definition and scope.
REQ-074,5,6,2,Arepo-Medtech/makoha-spec,974352db0acb01a8dcf0c421bcd4316ddfc889a8,UNASSESSED,,,,,,,Docpipe family/phase heuristic; verify semantic definition and scope.
REQ-075,5,6,2,Arepo-Medtech/makoha-spec,974352db0acb01a8dcf0c421bcd4316ddfc889a8,UNASSESSED,,,,,,,Docpipe family/phase heuristic; verify semantic definition and scope.
REQ-076,5,6,2,Arepo-Medtech/makoha-spec,974352db0acb01a8dcf0c421bcd4316ddfc889a8,UNASSESSED,,,,,,,Docpipe family/phase heuristic; verify semantic definition and scope.
REQ-077,5,6,2,Arepo-Medtech/makoha-spec,974352db0acb01a8dcf0c421bcd4316ddfc889a8,UNASSESSED,,,,,,,Docpipe family/phase heuristic; verify semantic definition and scope.
REQ-078,5,6,2,Arepo-Medtech/makoha-spec,974352db0acb01a8dcf0c421bcd4316ddfc889a8,UNASSESSED,,,,,,,Docpipe family/phase heuristic; verify semantic definition and scope.
REQ-079,5,6,2,Arepo-Medtech/makoha-spec,974352db0acb01a8dcf0c421bcd4316ddfc889a8,UNASSESSED,,,,,,,Docpipe family/phase heuristic; verify semantic definition and scope.
REQ-080,5,6,2,Arepo-Medtech/makoha-spec,974352db0acb01a8dcf0c421bcd4316ddfc889a8,UNASSESSED,,,,,,,Docpipe family/phase heuristic; verify semantic definition and scope.
REQ-081,5,6,2,Arepo-Medtech/makoha-spec,974352db0acb01a8dcf0c421bcd4316ddfc889a8,UNASSESSED,,,,,,,Docpipe family/phase heuristic; verify semantic definition and scope.
REQ-082,5,6,2,Arepo-Medtech/makoha-spec,974352db0acb01a8dcf0c421bcd4316ddfc889a8,UNASSESSED,,,,,,,Docpipe family/phase heuristic; verify semantic definition and scope.
REQ-083,5,6,2,Arepo-Medtech/makoha-spec,974352db0acb01a8dcf0c421bcd4316ddfc889a8,UNASSESSED,,,,,,,Docpipe family/phase heuristic; verify semantic definition and scope.
REQ-084,5,6,2,Arepo-Medtech/makoha-spec,974352db0acb01a8dcf0c421bcd4316ddfc889a8,UNASSESSED,,,,,,,Docpipe family/phase heuristic; verify semantic definition and scope.
REQ-085,5,6,2,Arepo-Medtech/makoha-spec,974352db0acb01a8dcf0c421bcd4316ddfc889a8,UNASSESSED,,,,,,,Docpipe family/phase heuristic; verify semantic definition and scope.
REQ-086,5,6,2,Arepo-Medtech/makoha-spec,974352db0acb01a8dcf0c421bcd4316ddfc889a8,UNASSESSED,,,,,,,Docpipe family/phase heuristic; verify semantic definition and scope.
REQ-087,5,6,2,Arepo-Medtech/makoha-spec,974352db0acb01a8dcf0c421bcd4316ddfc889a8,UNASSESSED,,,,,,,Docpipe family/phase heuristic; verify semantic definition and scope.
REQ-088,5,6,2,Arepo-Medtech/makoha-spec,974352db0acb01a8dcf0c421bcd4316ddfc889a8,UNASSESSED,,,,,,,Docpipe family/phase heuristic; verify semantic definition and scope.
REQ-089,5,6,2,Arepo-Medtech/makoha-spec,974352db0acb01a8dcf0c421bcd4316ddfc889a8,UNASSESSED,,,,,,,Docpipe family/phase heuristic; verify semantic definition and scope.
REQ-090,5,6,2,Arepo-Medtech/makoha-spec,974352db0acb01a8dcf0c421bcd4316ddfc889a8,UNASSESSED,,,,,,,Docpipe family/phase heuristic; verify semantic definition and scope.
REQ-091,5,6,2,Arepo-Medtech/makoha-spec,974352db0acb01a8dcf0c421bcd4316ddfc889a8,UNASSESSED,,,,,,,Docpipe family/phase heuristic; verify semantic definition and scope.
REQ-092,5,6,2,Arepo-Medtech/makoha-spec,974352db0acb01a8dcf0c421bcd4316ddfc889a8,UNASSESSED,,,,,,,Docpipe family/phase heuristic; verify semantic definition and scope.
REQ-093,5,6,2,Arepo-Medtech/makoha-spec,974352db0acb01a8dcf0c421bcd4316ddfc889a8,UNASSESSED,,,,,,,Docpipe family/phase heuristic; verify semantic definition and scope.
REQ-095,5,6,2,Arepo-Medtech/makoha-spec,974352db0acb01a8dcf0c421bcd4316ddfc889a8,UNASSESSED,,,,,,,Docpipe family/phase heuristic; verify semantic definition and scope.
REQ-096,5,6,2,Arepo-Medtech/makoha-spec,974352db0acb01a8dcf0c421bcd4316ddfc889a8,UNASSESSED,,,,,,,Docpipe family/phase heuristic; verify semantic definition and scope.
REQ-097,5,6,2,Arepo-Medtech/makoha-spec,974352db0acb01a8dcf0c421bcd4316ddfc889a8,UNASSESSED,,,,,,,Docpipe family/phase heuristic; verify semantic definition and scope.
REQ-098,5,6,2,Arepo-Medtech/makoha-spec,974352db0acb01a8dcf0c421bcd4316ddfc889a8,UNASSESSED,,,,,,,Docpipe family/phase heuristic; verify semantic definition and scope.
REQ-099,5,6,2,Arepo-Medtech/makoha-spec,974352db0acb01a8dcf0c421bcd4316ddfc889a8,UNASSESSED,,,,,,,Docpipe family/phase heuristic; verify semantic definition and scope.
REQ-100,5,6,2,Arepo-Medtech/makoha-spec,974352db0acb01a8dcf0c421bcd4316ddfc889a8,UNASSESSED,,,,,,,Docpipe family/phase heuristic; verify semantic definition and scope.
REQ-101,5,6,2,Arepo-Medtech/makoha-spec,974352db0acb01a8dcf0c421bcd4316ddfc889a8,UNASSESSED,,,,,,,Docpipe family/phase heuristic; verify semantic definition and scope.
REQ-102,5,6,2,Arepo-Medtech/makoha-spec,974352db0acb01a8dcf0c421bcd4316ddfc889a8,UNASSESSED,,,,,,,Docpipe family/phase heuristic; verify semantic definition and scope.
REQ-103,5,6,2,Arepo-Medtech/makoha-spec,974352db0acb01a8dcf0c421bcd4316ddfc889a8,UNASSESSED,,,,,,,Docpipe family/phase heuristic; verify semantic definition and scope.
REQ-104,5,6,2,Arepo-Medtech/makoha-spec,974352db0acb01a8dcf0c421bcd4316ddfc889a8,UNASSESSED,,,,,,,Docpipe family/phase heuristic; verify semantic definition and scope.
REQ-105,5,6,2,Arepo-Medtech/makoha-spec,974352db0acb01a8dcf0c421bcd4316ddfc889a8,UNASSESSED,,,,,,,Docpipe family/phase heuristic; verify semantic definition and scope.
REQ-106,5,6,2,Arepo-Medtech/makoha-spec,974352db0acb01a8dcf0c421bcd4316ddfc889a8,UNASSESSED,,,,,,,Docpipe family/phase heuristic; verify semantic definition and scope.
REQ-107,5,6,2,Arepo-Medtech/makoha-spec,974352db0acb01a8dcf0c421bcd4316ddfc889a8,UNASSESSED,,,,,,,Docpipe family/phase heuristic; verify semantic definition and scope.
REQ-108,5,6,2,Arepo-Medtech/makoha-spec,974352db0acb01a8dcf0c421bcd4316ddfc889a8,UNASSESSED,,,,,,,Docpipe family/phase heuristic; verify semantic definition and scope.
REQ-109,5,6,2,Arepo-Medtech/makoha-spec,974352db0acb01a8dcf0c421bcd4316ddfc889a8,UNASSESSED,,,,,,,Docpipe family/phase heuristic; verify semantic definition and scope.
REQ-110,5,6,2,Arepo-Medtech/makoha-spec,974352db0acb01a8dcf0c421bcd4316ddfc889a8,UNASSESSED,,,,,,,Docpipe family/phase heuristic; verify semantic definition and scope.
REQ-111,5,6,2,Arepo-Medtech/makoha-spec,974352db0acb01a8dcf0c421bcd4316ddfc889a8,UNASSESSED,,,,,,,Docpipe family/phase heuristic; verify semantic definition and scope.
REQ-112,5,6,2,Arepo-Medtech/makoha-spec,974352db0acb01a8dcf0c421bcd4316ddfc889a8,UNASSESSED,,,,,,,Docpipe family/phase heuristic; verify semantic definition and scope.
REQ-113,5,6,2,Arepo-Medtech/makoha-spec,974352db0acb01a8dcf0c421bcd4316ddfc889a8,UNASSESSED,,,,,,,Docpipe family/phase heuristic; verify semantic definition and scope.
REQ-114,5,6,2,Arepo-Medtech/makoha-spec,974352db0acb01a8dcf0c421bcd4316ddfc889a8,UNASSESSED,,,,,,,Docpipe family/phase heuristic; verify semantic definition and scope.
REQ-115,5,6,2,Arepo-Medtech/makoha-spec,974352db0acb01a8dcf0c421bcd4316ddfc889a8,UNASSESSED,,,,,,,Docpipe family/phase heuristic; verify semantic definition and scope.
REQ-116,5,6,2,Arepo-Medtech/makoha-spec,974352db0acb01a8dcf0c421bcd4316ddfc889a8,UNASSESSED,,,,,,,Docpipe family/phase heuristic; verify semantic definition and scope.
REQ-118,5,6,2,Arepo-Medtech/makoha-spec,974352db0acb01a8dcf0c421bcd4316ddfc889a8,UNASSESSED,,,,,,,Docpipe family/phase heuristic; verify semantic definition and scope.
REQ-119,5,6,2,Arepo-Medtech/makoha-spec,974352db0acb01a8dcf0c421bcd4316ddfc889a8,UNASSESSED,,,,,,,Docpipe family/phase heuristic; verify semantic definition and scope.
REQ-121,5,6,2,Arepo-Medtech/makoha-spec,974352db0acb01a8dcf0c421bcd4316ddfc889a8,UNASSESSED,,,,,,,Docpipe family/phase heuristic; verify semantic definition and scope.
REQ-122,5,6,2,Arepo-Medtech/makoha-spec,974352db0acb01a8dcf0c421bcd4316ddfc889a8,UNASSESSED,,,,,,,Docpipe family/phase heuristic; verify semantic definition and scope.
REQ-123,5,6,2,Arepo-Medtech/makoha-spec,974352db0acb01a8dcf0c421bcd4316ddfc889a8,UNASSESSED,,,,,,,Docpipe family/phase heuristic; verify semantic definition and scope.
REQ-124,5,6,2,Arepo-Medtech/makoha-spec,974352db0acb01a8dcf0c421bcd4316ddfc889a8,UNASSESSED,,,,,,,Docpipe family/phase heuristic; verify semantic definition and scope.
REQ-125,5,6,2,Arepo-Medtech/makoha-spec,974352db0acb01a8dcf0c421bcd4316ddfc889a8,UNASSESSED,,,,,,,Docpipe family/phase heuristic; verify semantic definition and scope.
REQ-126,5,6,2,Arepo-Medtech/makoha-spec,974352db0acb01a8dcf0c421bcd4316ddfc889a8,UNASSESSED,,,,,,,Docpipe family/phase heuristic; verify semantic definition and scope.
REQ-127,5,6,2,Arepo-Medtech/makoha-spec,974352db0acb01a8dcf0c421bcd4316ddfc889a8,UNASSESSED,,,,,,,Docpipe family/phase heuristic; verify semantic definition and scope.
REQ-128,5,6,2,Arepo-Medtech/makoha-spec,974352db0acb01a8dcf0c421bcd4316ddfc889a8,UNASSESSED,,,,,,,Docpipe family/phase heuristic; verify semantic definition and scope.
REQ-129,5,6,2,Arepo-Medtech/makoha-spec,974352db0acb01a8dcf0c421bcd4316ddfc889a8,UNASSESSED,,,,,,,Docpipe family/phase heuristic; verify semantic definition and scope.
REQ-130,5,6,2,Arepo-Medtech/makoha-spec,974352db0acb01a8dcf0c421bcd4316ddfc889a8,UNASSESSED,,,,,,,Docpipe family/phase heuristic; verify semantic definition and scope.
REQ-131,5,6,2,Arepo-Medtech/makoha-spec,974352db0acb01a8dcf0c421bcd4316ddfc889a8,UNASSESSED,,,,,,,Docpipe family/phase heuristic; verify semantic definition and scope.
REQ-132,5,6,2,Arepo-Medtech/makoha-spec,974352db0acb01a8dcf0c421bcd4316ddfc889a8,UNASSESSED,,,,,,,Docpipe family/phase heuristic; verify semantic definition and scope.
REQ-133,5,6,2,Arepo-Medtech/makoha-spec,974352db0acb01a8dcf0c421bcd4316ddfc889a8,UNASSESSED,,,,,,,Docpipe family/phase heuristic; verify semantic definition and scope.
REQ-134,5,6,2,Arepo-Medtech/makoha-spec,974352db0acb01a8dcf0c421bcd4316ddfc889a8,UNASSESSED,,,,,,,Docpipe family/phase heuristic; verify semantic definition and scope.
REQ-135,5,6,2,Arepo-Medtech/makoha-spec,974352db0acb01a8dcf0c421bcd4316ddfc889a8,UNASSESSED,,,,,,,Docpipe family/phase heuristic; verify semantic definition and scope.
REQ-136,5,6,2,Arepo-Medtech/makoha-spec,974352db0acb01a8dcf0c421bcd4316ddfc889a8,UNASSESSED,,,,,,,Docpipe family/phase heuristic; verify semantic definition and scope.
REQ-137,5,6,2,Arepo-Medtech/makoha-spec,974352db0acb01a8dcf0c421bcd4316ddfc889a8,UNASSESSED,,,,,,,Docpipe family/phase heuristic; verify semantic definition and scope.
REQ-138,5,6,2,Arepo-Medtech/makoha-spec,974352db0acb01a8dcf0c421bcd4316ddfc889a8,UNASSESSED,,,,,,,Docpipe family/phase heuristic; verify semantic definition and scope.
REQ-139,5,6,2,Arepo-Medtech/makoha-spec,974352db0acb01a8dcf0c421bcd4316ddfc889a8,UNASSESSED,,,,,,,Docpipe family/phase heuristic; verify semantic definition and scope.
REQ-140,5,6,2,Arepo-Medtech/makoha-spec,974352db0acb01a8dcf0c421bcd4316ddfc889a8,UNASSESSED,,,,,,,Docpipe family/phase heuristic; verify semantic definition and scope.
REQ-141,5,6,2,Arepo-Medtech/makoha-spec,974352db0acb01a8dcf0c421bcd4316ddfc889a8,UNASSESSED,,,,,,,Docpipe family/phase heuristic; verify semantic definition and scope.
REQ-142,5,6,2,Arepo-Medtech/makoha-spec,974352db0acb01a8dcf0c421bcd4316ddfc889a8,UNASSESSED,,,,,,,Docpipe family/phase heuristic; verify semantic definition and scope.
REQ-143,5,6,2,Arepo-Medtech/makoha-spec,974352db0acb01a8dcf0c421bcd4316ddfc889a8,UNASSESSED,,,,,,,Docpipe family/phase heuristic; verify semantic definition and scope.
REQ-144,5,6,2,Arepo-Medtech/makoha-spec,974352db0acb01a8dcf0c421bcd4316ddfc889a8,UNASSESSED,,,,,,,Docpipe family/phase heuristic; verify semantic definition and scope.
REQ-145,5,6,3,Arepo-Medtech/makoha-spec,974352db0acb01a8dcf0c421bcd4316ddfc889a8,UNASSESSED,,,,,,,Docpipe family/phase heuristic; verify semantic definition and scope.
REQ-146,5,6;7,4,Arepo-Medtech/makoha-spec,974352db0acb01a8dcf0c421bcd4316ddfc889a8,UNASSESSED,,,,,,,Docpipe family/phase heuristic; verify semantic definition and scope.
REQ-147,5,6,2,Arepo-Medtech/makoha-spec,974352db0acb01a8dcf0c421bcd4316ddfc889a8,UNASSESSED,,,,,,,Docpipe family/phase heuristic; verify semantic definition and scope.
REQ-148,5,6,2,Arepo-Medtech/makoha-spec,974352db0acb01a8dcf0c421bcd4316ddfc889a8,UNASSESSED,,,,,,,Docpipe family/phase heuristic; verify semantic definition and scope.
REQ-149,5,6,2,Arepo-Medtech/makoha-spec,974352db0acb01a8dcf0c421bcd4316ddfc889a8,UNASSESSED,,,,,,,Docpipe family/phase heuristic; verify semantic definition and scope.
REQ-150,5,6,2,Arepo-Medtech/makoha-spec,974352db0acb01a8dcf0c421bcd4316ddfc889a8,UNASSESSED,,,,,,,Docpipe family/phase heuristic; verify semantic definition and scope.
REQ-151,5,6,2,Arepo-Medtech/makoha-spec,974352db0acb01a8dcf0c421bcd4316ddfc889a8,UNASSESSED,,,,,,,Docpipe family/phase heuristic; verify semantic definition and scope.
REQ-152,5,6,2,Arepo-Medtech/makoha-spec,974352db0acb01a8dcf0c421bcd4316ddfc889a8,UNASSESSED,,,,,,,Docpipe family/phase heuristic; verify semantic definition and scope.
REQ-153,5,6,2,Arepo-Medtech/makoha-spec,974352db0acb01a8dcf0c421bcd4316ddfc889a8,UNASSESSED,,,,,,,Docpipe family/phase heuristic; verify semantic definition and scope.
REQ-154,5,6,2,Arepo-Medtech/makoha-spec,974352db0acb01a8dcf0c421bcd4316ddfc889a8,UNASSESSED,,,,,,,Docpipe family/phase heuristic; verify semantic definition and scope.
REQ-155,5,6,2,Arepo-Medtech/makoha-spec,974352db0acb01a8dcf0c421bcd4316ddfc889a8,UNASSESSED,,,,,,,Docpipe family/phase heuristic; verify semantic definition and scope.
REQ-156,5,6,2,Arepo-Medtech/makoha-spec,974352db0acb01a8dcf0c421bcd4316ddfc889a8,UNASSESSED,,,,,,,Docpipe family/phase heuristic; verify semantic definition and scope.
REQ-157,5,6,2,Arepo-Medtech/makoha-spec,974352db0acb01a8dcf0c421bcd4316ddfc889a8,UNASSESSED,,,,,,,Docpipe family/phase heuristic; verify semantic definition and scope.
REQ-158,5,6,2,Arepo-Medtech/makoha-spec,974352db0acb01a8dcf0c421bcd4316ddfc889a8,UNASSESSED,,,,,,,Docpipe family/phase heuristic; verify semantic definition and scope.
REQ-159,5,6,2,Arepo-Medtech/makoha-spec,974352db0acb01a8dcf0c421bcd4316ddfc889a8,UNASSESSED,,,,,,,Docpipe family/phase heuristic; verify semantic definition and scope.
REQ-160,5,6,2,Arepo-Medtech/makoha-spec,974352db0acb01a8dcf0c421bcd4316ddfc889a8,UNASSESSED,,,,,,,Docpipe family/phase heuristic; verify semantic definition and scope.
REQ-161,5,6,2,Arepo-Medtech/makoha-spec,974352db0acb01a8dcf0c421bcd4316ddfc889a8,UNASSESSED,,,,,,,Docpipe family/phase heuristic; verify semantic definition and scope.
REQ-162,5,6,2,Arepo-Medtech/makoha-spec,974352db0acb01a8dcf0c421bcd4316ddfc889a8,UNASSESSED,,,,,,,Docpipe family/phase heuristic; verify semantic definition and scope.
REQ-163,5,6,2,Arepo-Medtech/makoha-spec,974352db0acb01a8dcf0c421bcd4316ddfc889a8,UNASSESSED,,,,,,,Docpipe family/phase heuristic; verify semantic definition and scope.
REQ-164,5,6,2,Arepo-Medtech/makoha-spec,974352db0acb01a8dcf0c421bcd4316ddfc889a8,UNASSESSED,,,,,,,Docpipe family/phase heuristic; verify semantic definition and scope.
REQ-166,5,6,2,Arepo-Medtech/makoha-spec,974352db0acb01a8dcf0c421bcd4316ddfc889a8,UNASSESSED,,,,,,,Docpipe family/phase heuristic; verify semantic definition and scope.
REQ-167,5,6,2,Arepo-Medtech/makoha-spec,974352db0acb01a8dcf0c421bcd4316ddfc889a8,UNASSESSED,,,,,,,Docpipe family/phase heuristic; verify semantic definition and scope.
REQ-168,5,6,2,Arepo-Medtech/makoha-spec,974352db0acb01a8dcf0c421bcd4316ddfc889a8,UNASSESSED,,,,,,,Docpipe family/phase heuristic; verify semantic definition and scope.
REQ-169,5,6,2,Arepo-Medtech/makoha-spec,974352db0acb01a8dcf0c421bcd4316ddfc889a8,UNASSESSED,,,,,,,Docpipe family/phase heuristic; verify semantic definition and scope.
REQ-170,5,6,2,Arepo-Medtech/makoha-spec,974352db0acb01a8dcf0c421bcd4316ddfc889a8,UNASSESSED,,,,,,,Docpipe family/phase heuristic; verify semantic definition and scope.
REQ-171,5,6,2,Arepo-Medtech/makoha-spec,974352db0acb01a8dcf0c421bcd4316ddfc889a8,UNASSESSED,,,,,,,Docpipe family/phase heuristic; verify semantic definition and scope.
REQ-172,5,6,2,Arepo-Medtech/makoha-spec,974352db0acb01a8dcf0c421bcd4316ddfc889a8,UNASSESSED,,,,,,,Docpipe family/phase heuristic; verify semantic definition and scope.
REQ-173,5,6,2,Arepo-Medtech/makoha-spec,974352db0acb01a8dcf0c421bcd4316ddfc889a8,UNASSESSED,,,,,,,Docpipe family/phase heuristic; verify semantic definition and scope.
REQ-174,5,6,2,Arepo-Medtech/makoha-spec,974352db0acb01a8dcf0c421bcd4316ddfc889a8,UNASSESSED,,,,,,,Docpipe family/phase heuristic; verify semantic definition and scope.
REQ-175,5,6,2,Arepo-Medtech/makoha-spec,974352db0acb01a8dcf0c421bcd4316ddfc889a8,UNASSESSED,,,,,,,Docpipe family/phase heuristic; verify semantic definition and scope.
REQ-176,5,6,2,Arepo-Medtech/makoha-spec,974352db0acb01a8dcf0c421bcd4316ddfc889a8,UNASSESSED,,,,,,,Docpipe family/phase heuristic; verify semantic definition and scope.
REQ-178,5,6,2,Arepo-Medtech/makoha-spec,974352db0acb01a8dcf0c421bcd4316ddfc889a8,UNASSESSED,,,,,,,Docpipe family/phase heuristic; verify semantic definition and scope.
REQ-179,5,6,2,Arepo-Medtech/makoha-spec,974352db0acb01a8dcf0c421bcd4316ddfc889a8,UNASSESSED,,,,,,,Docpipe family/phase heuristic; verify semantic definition and scope.
REQ-180,5,6,2,Arepo-Medtech/makoha-spec,974352db0acb01a8dcf0c421bcd4316ddfc889a8,UNASSESSED,,,,,,,Docpipe family/phase heuristic; verify semantic definition and scope.
REQ-181,5,6,2,Arepo-Medtech/makoha-spec,974352db0acb01a8dcf0c421bcd4316ddfc889a8,UNASSESSED,,,,,,,Docpipe family/phase heuristic; verify semantic definition and scope.
REQ-182,5,6,2,Arepo-Medtech/makoha-spec,974352db0acb01a8dcf0c421bcd4316ddfc889a8,UNASSESSED,,,,,,,Docpipe family/phase heuristic; verify semantic definition and scope.
REQ-183,5,6,2,Arepo-Medtech/makoha-spec,974352db0acb01a8dcf0c421bcd4316ddfc889a8,UNASSESSED,,,,,,,Docpipe family/phase heuristic; verify semantic definition and scope.
REQ-184,5,6,2,Arepo-Medtech/makoha-spec,974352db0acb01a8dcf0c421bcd4316ddfc889a8,UNASSESSED,,,,,,,Docpipe family/phase heuristic; verify semantic definition and scope.
REQ-185,5,6,2,Arepo-Medtech/makoha-spec,974352db0acb01a8dcf0c421bcd4316ddfc889a8,UNASSESSED,,,,,,,Docpipe family/phase heuristic; verify semantic definition and scope.
REQ-186,5,6,2,Arepo-Medtech/makoha-spec,974352db0acb01a8dcf0c421bcd4316ddfc889a8,UNASSESSED,,,,,,,Docpipe family/phase heuristic; verify semantic definition and scope.
REQ-187,5,6,2,Arepo-Medtech/makoha-spec,974352db0acb01a8dcf0c421bcd4316ddfc889a8,UNASSESSED,,,,,,,Docpipe family/phase heuristic; verify semantic definition and scope.
REQ-010,5,6,1,Arepo-Medtech/makoha-spec,974352db0acb01a8dcf0c421bcd4316ddfc889a8,UNASSESSED,,,,,,,Docpipe family/phase heuristic; verify semantic definition and scope.
REQ-019,5,6,1,Arepo-Medtech/makoha-spec,974352db0acb01a8dcf0c421bcd4316ddfc889a8,UNASSESSED,,,,,,,Docpipe family/phase heuristic; verify semantic definition and scope.
REQ-026,5,6,1,Arepo-Medtech/makoha-spec,974352db0acb01a8dcf0c421bcd4316ddfc889a8,UNASSESSED,,,,,,,Docpipe family/phase heuristic; verify semantic definition and scope.
REQ-038,5,6,1,Arepo-Medtech/makoha-spec,974352db0acb01a8dcf0c421bcd4316ddfc889a8,UNASSESSED,,,,,,,Docpipe family/phase heuristic; verify semantic definition and scope.
REQ-050,5,6,1,Arepo-Medtech/makoha-spec,974352db0acb01a8dcf0c421bcd4316ddfc889a8,UNASSESSED,,,,,,,Docpipe family/phase heuristic; verify semantic definition and scope.
REQ-055,5,6,1,Arepo-Medtech/makoha-spec,974352db0acb01a8dcf0c421bcd4316ddfc889a8,UNASSESSED,,,,,,,Docpipe family/phase heuristic; verify semantic definition and scope.
REQ-094,5,6,1,Arepo-Medtech/makoha-spec,974352db0acb01a8dcf0c421bcd4316ddfc889a8,UNASSESSED,,,,,,,Docpipe family/phase heuristic; verify semantic definition and scope.
REQ-117,5,6,1,Arepo-Medtech/makoha-spec,974352db0acb01a8dcf0c421bcd4316ddfc889a8,UNASSESSED,,,,,,,Docpipe family/phase heuristic; verify semantic definition and scope.
REQ-120,5,6,1,Arepo-Medtech/makoha-spec,974352db0acb01a8dcf0c421bcd4316ddfc889a8,UNASSESSED,,,,,,,Docpipe family/phase heuristic; verify semantic definition and scope.
REQ-165,5,6,1,Arepo-Medtech/makoha-spec,974352db0acb01a8dcf0c421bcd4316ddfc889a8,UNASSESSED,,,,,,,Docpipe family/phase heuristic; verify semantic definition and scope.
REQ-177,5,6,1,Arepo-Medtech/makoha-spec,974352db0acb01a8dcf0c421bcd4316ddfc889a8,UNASSESSED,,,,,,,Docpipe family/phase heuristic; verify semantic definition and scope.
ACT-01,6,,0,Arepo-Medtech/makoha-spec,974352db0acb01a8dcf0c421bcd4316ddfc889a8,UNASSESSED,,,,,,,Docpipe family/phase heuristic; verify semantic definition and scope.
ACT-02,6,,0,Arepo-Medtech/makoha-spec,974352db0acb01a8dcf0c421bcd4316ddfc889a8,UNASSESSED,,,,,,,Docpipe family/phase heuristic; verify semantic definition and scope.
ACT-03,6,,0,Arepo-Medtech/makoha-spec,974352db0acb01a8dcf0c421bcd4316ddfc889a8,UNASSESSED,,,,,,,Docpipe family/phase heuristic; verify semantic definition and scope.
ACT-04,6,,0,Arepo-Medtech/makoha-spec,974352db0acb01a8dcf0c421bcd4316ddfc889a8,UNASSESSED,,,,,,,Docpipe family/phase heuristic; verify semantic definition and scope.
ACT-05,6,,0,Arepo-Medtech/makoha-spec,974352db0acb01a8dcf0c421bcd4316ddfc889a8,UNASSESSED,,,,,,,Docpipe family/phase heuristic; verify semantic definition and scope.
ACT-06,6,,0,Arepo-Medtech/makoha-spec,974352db0acb01a8dcf0c421bcd4316ddfc889a8,UNASSESSED,,,,,,,Docpipe family/phase heuristic; verify semantic definition and scope.
ACT-07,6,,0,Arepo-Medtech/makoha-spec,974352db0acb01a8dcf0c421bcd4316ddfc889a8,UNASSESSED,,,,,,,Docpipe family/phase heuristic; verify semantic definition and scope.
ACT-08,6,,0,Arepo-Medtech/makoha-spec,974352db0acb01a8dcf0c421bcd4316ddfc889a8,UNASSESSED,,,,,,,Docpipe family/phase heuristic; verify semantic definition and scope.
ACT-09,6,7,1,Arepo-Medtech/makoha-spec,974352db0acb01a8dcf0c421bcd4316ddfc889a8,UNASSESSED,,,,,,,Docpipe family/phase heuristic; verify semantic definition and scope.
ACT-10,6,,0,Arepo-Medtech/makoha-spec,974352db0acb01a8dcf0c421bcd4316ddfc889a8,UNASSESSED,,,,,,,Docpipe family/phase heuristic; verify semantic definition and scope.
ACT-11,6,,0,Arepo-Medtech/makoha-spec,974352db0acb01a8dcf0c421bcd4316ddfc889a8,UNASSESSED,,,,,,,Docpipe family/phase heuristic; verify semantic definition and scope.
ACT-12,6,,0,Arepo-Medtech/makoha-spec,974352db0acb01a8dcf0c421bcd4316ddfc889a8,UNASSESSED,,,,,,,Docpipe family/phase heuristic; verify semantic definition and scope.
ACT-13,6,,0,Arepo-Medtech/makoha-spec,974352db0acb01a8dcf0c421bcd4316ddfc889a8,UNASSESSED,,,,,,,Docpipe family/phase heuristic; verify semantic definition and scope.
VAL-001,6,,0,Arepo-Medtech/makoha-spec,974352db0acb01a8dcf0c421bcd4316ddfc889a8,UNASSESSED,,,,,,,Docpipe family/phase heuristic; verify semantic definition and scope.
VAL-002,6,,0,Arepo-Medtech/makoha-spec,974352db0acb01a8dcf0c421bcd4316ddfc889a8,UNASSESSED,,,,,,,Docpipe family/phase heuristic; verify semantic definition and scope.
VAL-003,6,,0,Arepo-Medtech/makoha-spec,974352db0acb01a8dcf0c421bcd4316ddfc889a8,UNASSESSED,,,,,,,Docpipe family/phase heuristic; verify semantic definition and scope.
VAL-004,6,,0,Arepo-Medtech/makoha-spec,974352db0acb01a8dcf0c421bcd4316ddfc889a8,UNASSESSED,,,,,,,Docpipe family/phase heuristic; verify semantic definition and scope.
VAL-005,6,,0,Arepo-Medtech/makoha-spec,974352db0acb01a8dcf0c421bcd4316ddfc889a8,UNASSESSED,,,,,,,Docpipe family/phase heuristic; verify semantic definition and scope.
VAL-006,6,,0,Arepo-Medtech/makoha-spec,974352db0acb01a8dcf0c421bcd4316ddfc889a8,UNASSESSED,,,,,,,Docpipe family/phase heuristic; verify semantic definition and scope.
VAL-007,6,,0,Arepo-Medtech/makoha-spec,974352db0acb01a8dcf0c421bcd4316ddfc889a8,UNASSESSED,,,,,,,Docpipe family/phase heuristic; verify semantic definition and scope.
VAL-008,6,,0,Arepo-Medtech/makoha-spec,974352db0acb01a8dcf0c421bcd4316ddfc889a8,UNASSESSED,,,,,,,Docpipe family/phase heuristic; verify semantic definition and scope.
VAL-009,6,,0,Arepo-Medtech/makoha-spec,974352db0acb01a8dcf0c421bcd4316ddfc889a8,UNASSESSED,,,,,,,Docpipe family/phase heuristic; verify semantic definition and scope.
VAL-011,6,,0,Arepo-Medtech/makoha-spec,974352db0acb01a8dcf0c421bcd4316ddfc889a8,UNASSESSED,,,,,,,Docpipe family/phase heuristic; verify semantic definition and scope.
VAL-012,6,,0,Arepo-Medtech/makoha-spec,974352db0acb01a8dcf0c421bcd4316ddfc889a8,UNASSESSED,,,,,,,Docpipe family/phase heuristic; verify semantic definition and scope.
VAL-013,6,,0,Arepo-Medtech/makoha-spec,974352db0acb01a8dcf0c421bcd4316ddfc889a8,UNASSESSED,,,,,,,Docpipe family/phase heuristic; verify semantic definition and scope.
VAL-014,6,,0,Arepo-Medtech/makoha-spec,974352db0acb01a8dcf0c421bcd4316ddfc889a8,UNASSESSED,,,,,,,Docpipe family/phase heuristic; verify semantic definition and scope.
VAL-015,6,,0,Arepo-Medtech/makoha-spec,974352db0acb01a8dcf0c421bcd4316ddfc889a8,UNASSESSED,,,,,,,Docpipe family/phase heuristic; verify semantic definition and scope.
VAL-016,6,,0,Arepo-Medtech/makoha-spec,974352db0acb01a8dcf0c421bcd4316ddfc889a8,UNASSESSED,,,,,,,Docpipe family/phase heuristic; verify semantic definition and scope.
VAL-017,6,,0,Arepo-Medtech/makoha-spec,974352db0acb01a8dcf0c421bcd4316ddfc889a8,UNASSESSED,,,,,,,Docpipe family/phase heuristic; verify semantic definition and scope.
VAL-018,6,,0,Arepo-Medtech/makoha-spec,974352db0acb01a8dcf0c421bcd4316ddfc889a8,UNASSESSED,,,,,,,Docpipe family/phase heuristic; verify semantic definition and scope.
VAL-020,6,,0,Arepo-Medtech/makoha-spec,974352db0acb01a8dcf0c421bcd4316ddfc889a8,UNASSESSED,,,,,,,Docpipe family/phase heuristic; verify semantic definition and scope.
VAL-021,6,,0,Arepo-Medtech/makoha-spec,974352db0acb01a8dcf0c421bcd4316ddfc889a8,UNASSESSED,,,,,,,Docpipe family/phase heuristic; verify semantic definition and scope.
VAL-022,6,,0,Arepo-Medtech/makoha-spec,974352db0acb01a8dcf0c421bcd4316ddfc889a8,UNASSESSED,,,,,,,Docpipe family/phase heuristic; verify semantic definition and scope.
VAL-023,6,,0,Arepo-Medtech/makoha-spec,974352db0acb01a8dcf0c421bcd4316ddfc889a8,UNASSESSED,,,,,,,Docpipe family/phase heuristic; verify semantic definition and scope.
VAL-024,6,,0,Arepo-Medtech/makoha-spec,974352db0acb01a8dcf0c421bcd4316ddfc889a8,UNASSESSED,,,,,,,Docpipe family/phase heuristic; verify semantic definition and scope.
VAL-025,6,,0,Arepo-Medtech/makoha-spec,974352db0acb01a8dcf0c421bcd4316ddfc889a8,UNASSESSED,,,,,,,Docpipe family/phase heuristic; verify semantic definition and scope.
VAL-027,6,,0,Arepo-Medtech/makoha-spec,974352db0acb01a8dcf0c421bcd4316ddfc889a8,UNASSESSED,,,,,,,Docpipe family/phase heuristic; verify semantic definition and scope.
VAL-028,6,,0,Arepo-Medtech/makoha-spec,974352db0acb01a8dcf0c421bcd4316ddfc889a8,UNASSESSED,,,,,,,Docpipe family/phase heuristic; verify semantic definition and scope.
VAL-029,6,,0,Arepo-Medtech/makoha-spec,974352db0acb01a8dcf0c421bcd4316ddfc889a8,UNASSESSED,,,,,,,Docpipe family/phase heuristic; verify semantic definition and scope.
VAL-030,6,,0,Arepo-Medtech/makoha-spec,974352db0acb01a8dcf0c421bcd4316ddfc889a8,UNASSESSED,,,,,,,Docpipe family/phase heuristic; verify semantic definition and scope.
VAL-031,6,,0,Arepo-Medtech/makoha-spec,974352db0acb01a8dcf0c421bcd4316ddfc889a8,UNASSESSED,,,,,,,Docpipe family/phase heuristic; verify semantic definition and scope.
VAL-032,6,,0,Arepo-Medtech/makoha-spec,974352db0acb01a8dcf0c421bcd4316ddfc889a8,UNASSESSED,,,,,,,Docpipe family/phase heuristic; verify semantic definition and scope.
VAL-033,6,,0,Arepo-Medtech/makoha-spec,974352db0acb01a8dcf0c421bcd4316ddfc889a8,UNASSESSED,,,,,,,Docpipe family/phase heuristic; verify semantic definition and scope.
VAL-034,6,,0,Arepo-Medtech/makoha-spec,974352db0acb01a8dcf0c421bcd4316ddfc889a8,UNASSESSED,,,,,,,Docpipe family/phase heuristic; verify semantic definition and scope.
VAL-035,6,,0,Arepo-Medtech/makoha-spec,974352db0acb01a8dcf0c421bcd4316ddfc889a8,UNASSESSED,,,,,,,Docpipe family/phase heuristic; verify semantic definition and scope.
VAL-036,6,,0,Arepo-Medtech/makoha-spec,974352db0acb01a8dcf0c421bcd4316ddfc889a8,UNASSESSED,,,,,,,Docpipe family/phase heuristic; verify semantic definition and scope.
VAL-037,6,,0,Arepo-Medtech/makoha-spec,974352db0acb01a8dcf0c421bcd4316ddfc889a8,UNASSESSED,,,,,,,Docpipe family/phase heuristic; verify semantic definition and scope.
VAL-039,6,,0,Arepo-Medtech/makoha-spec,974352db0acb01a8dcf0c421bcd4316ddfc889a8,UNASSESSED,,,,,,,Docpipe family/phase heuristic; verify semantic definition and scope.
VAL-040,6,,0,Arepo-Medtech/makoha-spec,974352db0acb01a8dcf0c421bcd4316ddfc889a8,UNASSESSED,,,,,,,Docpipe family/phase heuristic; verify semantic definition and scope.
VAL-041,6,,0,Arepo-Medtech/makoha-spec,974352db0acb01a8dcf0c421bcd4316ddfc889a8,UNASSESSED,,,,,,,Docpipe family/phase heuristic; verify semantic definition and scope.
VAL-042,6,,0,Arepo-Medtech/makoha-spec,974352db0acb01a8dcf0c421bcd4316ddfc889a8,UNASSESSED,,,,,,,Docpipe family/phase heuristic; verify semantic definition and scope.
VAL-043,6,,0,Arepo-Medtech/makoha-spec,974352db0acb01a8dcf0c421bcd4316ddfc889a8,UNASSESSED,,,,,,,Docpipe family/phase heuristic; verify semantic definition and scope.
VAL-044,6,,0,Arepo-Medtech/makoha-spec,974352db0acb01a8dcf0c421bcd4316ddfc889a8,UNASSESSED,,,,,,,Docpipe family/phase heuristic; verify semantic definition and scope.
VAL-045,6,,0,Arepo-Medtech/makoha-spec,974352db0acb01a8dcf0c421bcd4316ddfc889a8,UNASSESSED,,,,,,,Docpipe family/phase heuristic; verify semantic definition and scope.
VAL-046,6,,0,Arepo-Medtech/makoha-spec,974352db0acb01a8dcf0c421bcd4316ddfc889a8,UNASSESSED,,,,,,,Docpipe family/phase heuristic; verify semantic definition and scope.
VAL-047,6,,0,Arepo-Medtech/makoha-spec,974352db0acb01a8dcf0c421bcd4316ddfc889a8,UNASSESSED,,,,,,,Docpipe family/phase heuristic; verify semantic definition and scope.
VAL-048,6,,0,Arepo-Medtech/makoha-spec,974352db0acb01a8dcf0c421bcd4316ddfc889a8,UNASSESSED,,,,,,,Docpipe family/phase heuristic; verify semantic definition and scope.
VAL-049,6,,0,Arepo-Medtech/makoha-spec,974352db0acb01a8dcf0c421bcd4316ddfc889a8,UNASSESSED,,,,,,,Docpipe family/phase heuristic; verify semantic definition and scope.
VAL-051,6,,0,Arepo-Medtech/makoha-spec,974352db0acb01a8dcf0c421bcd4316ddfc889a8,UNASSESSED,,,,,,,Docpipe family/phase heuristic; verify semantic definition and scope.
VAL-052,6,,0,Arepo-Medtech/makoha-spec,974352db0acb01a8dcf0c421bcd4316ddfc889a8,UNASSESSED,,,,,,,Docpipe family/phase heuristic; verify semantic definition and scope.
VAL-053,6,,0,Arepo-Medtech/makoha-spec,974352db0acb01a8dcf0c421bcd4316ddfc889a8,UNASSESSED,,,,,,,Docpipe family/phase heuristic; verify semantic definition and scope.
VAL-054,6,,0,Arepo-Medtech/makoha-spec,974352db0acb01a8dcf0c421bcd4316ddfc889a8,UNASSESSED,,,,,,,Docpipe family/phase heuristic; verify semantic definition and scope.
VAL-056,6,,0,Arepo-Medtech/makoha-spec,974352db0acb01a8dcf0c421bcd4316ddfc889a8,UNASSESSED,,,,,,,Docpipe family/phase heuristic; verify semantic definition and scope.
VAL-057,6,,0,Arepo-Medtech/makoha-spec,974352db0acb01a8dcf0c421bcd4316ddfc889a8,UNASSESSED,,,,,,,Docpipe family/phase heuristic; verify semantic definition and scope.
VAL-058,6,,0,Arepo-Medtech/makoha-spec,974352db0acb01a8dcf0c421bcd4316ddfc889a8,UNASSESSED,,,,,,,Docpipe family/phase heuristic; verify semantic definition and scope.
VAL-059,6,,0,Arepo-Medtech/makoha-spec,974352db0acb01a8dcf0c421bcd4316ddfc889a8,UNASSESSED,,,,,,,Docpipe family/phase heuristic; verify semantic definition and scope.
VAL-060,6,,0,Arepo-Medtech/makoha-spec,974352db0acb01a8dcf0c421bcd4316ddfc889a8,UNASSESSED,,,,,,,Docpipe family/phase heuristic; verify semantic definition and scope.
VAL-061,6,,0,Arepo-Medtech/makoha-spec,974352db0acb01a8dcf0c421bcd4316ddfc889a8,UNASSESSED,,,,,,,Docpipe family/phase heuristic; verify semantic definition and scope.
VAL-062,6,,0,Arepo-Medtech/makoha-spec,974352db0acb01a8dcf0c421bcd4316ddfc889a8,UNASSESSED,,,,,,,Docpipe family/phase heuristic; verify semantic definition and scope.
VAL-063,6,,0,Arepo-Medtech/makoha-spec,974352db0acb01a8dcf0c421bcd4316ddfc889a8,UNASSESSED,,,,,,,Docpipe family/phase heuristic; verify semantic definition and scope.
VAL-064,6,,0,Arepo-Medtech/makoha-spec,974352db0acb01a8dcf0c421bcd4316ddfc889a8,UNASSESSED,,,,,,,Docpipe family/phase heuristic; verify semantic definition and scope.
VAL-065,6,,0,Arepo-Medtech/makoha-spec,974352db0acb01a8dcf0c421bcd4316ddfc889a8,UNASSESSED,,,,,,,Docpipe family/phase heuristic; verify semantic definition and scope.
VAL-066,6,,0,Arepo-Medtech/makoha-spec,974352db0acb01a8dcf0c421bcd4316ddfc889a8,UNASSESSED,,,,,,,Docpipe family/phase heuristic; verify semantic definition and scope.
VAL-067,6,,0,Arepo-Medtech/makoha-spec,974352db0acb01a8dcf0c421bcd4316ddfc889a8,UNASSESSED,,,,,,,Docpipe family/phase heuristic; verify semantic definition and scope.
VAL-068,6,,0,Arepo-Medtech/makoha-spec,974352db0acb01a8dcf0c421bcd4316ddfc889a8,UNASSESSED,,,,,,,Docpipe family/phase heuristic; verify semantic definition and scope.
VAL-069,6,,0,Arepo-Medtech/makoha-spec,974352db0acb01a8dcf0c421bcd4316ddfc889a8,UNASSESSED,,,,,,,Docpipe family/phase heuristic; verify semantic definition and scope.
VAL-070,6,,0,Arepo-Medtech/makoha-spec,974352db0acb01a8dcf0c421bcd4316ddfc889a8,UNASSESSED,,,,,,,Docpipe family/phase heuristic; verify semantic definition and scope.
VAL-071,6,,0,Arepo-Medtech/makoha-spec,974352db0acb01a8dcf0c421bcd4316ddfc889a8,UNASSESSED,,,,,,,Docpipe family/phase heuristic; verify semantic definition and scope.
VAL-072,6,,0,Arepo-Medtech/makoha-spec,974352db0acb01a8dcf0c421bcd4316ddfc889a8,UNASSESSED,,,,,,,Docpipe family/phase heuristic; verify semantic definition and scope.
VAL-073,6,,0,Arepo-Medtech/makoha-spec,974352db0acb01a8dcf0c421bcd4316ddfc889a8,UNASSESSED,,,,,,,Docpipe family/phase heuristic; verify semantic definition and scope.
VAL-074,6,,0,Arepo-Medtech/makoha-spec,974352db0acb01a8dcf0c421bcd4316ddfc889a8,UNASSESSED,,,,,,,Docpipe family/phase heuristic; verify semantic definition and scope.
VAL-075,6,,0,Arepo-Medtech/makoha-spec,974352db0acb01a8dcf0c421bcd4316ddfc889a8,UNASSESSED,,,,,,,Docpipe family/phase heuristic; verify semantic definition and scope.
VAL-076,6,,0,Arepo-Medtech/makoha-spec,974352db0acb01a8dcf0c421bcd4316ddfc889a8,UNASSESSED,,,,,,,Docpipe family/phase heuristic; verify semantic definition and scope.
VAL-077,6,,0,Arepo-Medtech/makoha-spec,974352db0acb01a8dcf0c421bcd4316ddfc889a8,UNASSESSED,,,,,,,Docpipe family/phase heuristic; verify semantic definition and scope.
VAL-078,6,,0,Arepo-Medtech/makoha-spec,974352db0acb01a8dcf0c421bcd4316ddfc889a8,UNASSESSED,,,,,,,Docpipe family/phase heuristic; verify semantic definition and scope.
VAL-079,6,,0,Arepo-Medtech/makoha-spec,974352db0acb01a8dcf0c421bcd4316ddfc889a8,UNASSESSED,,,,,,,Docpipe family/phase heuristic; verify semantic definition and scope.
VAL-080,6,,0,Arepo-Medtech/makoha-spec,974352db0acb01a8dcf0c421bcd4316ddfc889a8,UNASSESSED,,,,,,,Docpipe family/phase heuristic; verify semantic definition and scope.
VAL-081,6,,0,Arepo-Medtech/makoha-spec,974352db0acb01a8dcf0c421bcd4316ddfc889a8,UNASSESSED,,,,,,,Docpipe family/phase heuristic; verify semantic definition and scope.
VAL-082,6,,0,Arepo-Medtech/makoha-spec,974352db0acb01a8dcf0c421bcd4316ddfc889a8,UNASSESSED,,,,,,,Docpipe family/phase heuristic; verify semantic definition and scope.
VAL-083,6,,0,Arepo-Medtech/makoha-spec,974352db0acb01a8dcf0c421bcd4316ddfc889a8,UNASSESSED,,,,,,,Docpipe family/phase heuristic; verify semantic definition and scope.
VAL-084,6,,0,Arepo-Medtech/makoha-spec,974352db0acb01a8dcf0c421bcd4316ddfc889a8,UNASSESSED,,,,,,,Docpipe family/phase heuristic; verify semantic definition and scope.
VAL-085,6,,0,Arepo-Medtech/makoha-spec,974352db0acb01a8dcf0c421bcd4316ddfc889a8,UNASSESSED,,,,,,,Docpipe family/phase heuristic; verify semantic definition and scope.
VAL-086,6,,0,Arepo-Medtech/makoha-spec,974352db0acb01a8dcf0c421bcd4316ddfc889a8,UNASSESSED,,,,,,,Docpipe family/phase heuristic; verify semantic definition and scope.
VAL-087,6,,0,Arepo-Medtech/makoha-spec,974352db0acb01a8dcf0c421bcd4316ddfc889a8,UNASSESSED,,,,,,,Docpipe family/phase heuristic; verify semantic definition and scope.
VAL-088,6,,0,Arepo-Medtech/makoha-spec,974352db0acb01a8dcf0c421bcd4316ddfc889a8,UNASSESSED,,,,,,,Docpipe family/phase heuristic; verify semantic definition and scope.
VAL-089,6,,0,Arepo-Medtech/makoha-spec,974352db0acb01a8dcf0c421bcd4316ddfc889a8,UNASSESSED,,,,,,,Docpipe family/phase heuristic; verify semantic definition and scope.
VAL-090,6,,0,Arepo-Medtech/makoha-spec,974352db0acb01a8dcf0c421bcd4316ddfc889a8,UNASSESSED,,,,,,,Docpipe family/phase heuristic; verify semantic definition and scope.
VAL-091,6,,0,Arepo-Medtech/makoha-spec,974352db0acb01a8dcf0c421bcd4316ddfc889a8,UNASSESSED,,,,,,,Docpipe family/phase heuristic; verify semantic definition and scope.
VAL-092,6,,0,Arepo-Medtech/makoha-spec,974352db0acb01a8dcf0c421bcd4316ddfc889a8,UNASSESSED,,,,,,,Docpipe family/phase heuristic; verify semantic definition and scope.
VAL-093,6,,0,Arepo-Medtech/makoha-spec,974352db0acb01a8dcf0c421bcd4316ddfc889a8,UNASSESSED,,,,,,,Docpipe family/phase heuristic; verify semantic definition and scope.
VAL-095,6,,0,Arepo-Medtech/makoha-spec,974352db0acb01a8dcf0c421bcd4316ddfc889a8,UNASSESSED,,,,,,,Docpipe family/phase heuristic; verify semantic definition and scope.
VAL-096,6,,0,Arepo-Medtech/makoha-spec,974352db0acb01a8dcf0c421bcd4316ddfc889a8,UNASSESSED,,,,,,,Docpipe family/phase heuristic; verify semantic definition and scope.
VAL-097,6,,0,Arepo-Medtech/makoha-spec,974352db0acb01a8dcf0c421bcd4316ddfc889a8,UNASSESSED,,,,,,,Docpipe family/phase heuristic; verify semantic definition and scope.
VAL-098,6,,0,Arepo-Medtech/makoha-spec,974352db0acb01a8dcf0c421bcd4316ddfc889a8,UNASSESSED,,,,,,,Docpipe family/phase heuristic; verify semantic definition and scope.
VAL-099,6,,0,Arepo-Medtech/makoha-spec,974352db0acb01a8dcf0c421bcd4316ddfc889a8,UNASSESSED,,,,,,,Docpipe family/phase heuristic; verify semantic definition and scope.
VAL-100,6,,0,Arepo-Medtech/makoha-spec,974352db0acb01a8dcf0c421bcd4316ddfc889a8,UNASSESSED,,,,,,,Docpipe family/phase heuristic; verify semantic definition and scope.
VAL-101,6,,0,Arepo-Medtech/makoha-spec,974352db0acb01a8dcf0c421bcd4316ddfc889a8,UNASSESSED,,,,,,,Docpipe family/phase heuristic; verify semantic definition and scope.
VAL-102,6,,0,Arepo-Medtech/makoha-spec,974352db0acb01a8dcf0c421bcd4316ddfc889a8,UNASSESSED,,,,,,,Docpipe family/phase heuristic; verify semantic definition and scope.
VAL-103,6,,0,Arepo-Medtech/makoha-spec,974352db0acb01a8dcf0c421bcd4316ddfc889a8,UNASSESSED,,,,,,,Docpipe family/phase heuristic; verify semantic definition and scope.
VAL-104,6,,0,Arepo-Medtech/makoha-spec,974352db0acb01a8dcf0c421bcd4316ddfc889a8,UNASSESSED,,,,,,,Docpipe family/phase heuristic; verify semantic definition and scope.
VAL-105,6,,0,Arepo-Medtech/makoha-spec,974352db0acb01a8dcf0c421bcd4316ddfc889a8,UNASSESSED,,,,,,,Docpipe family/phase heuristic; verify semantic definition and scope.
VAL-106,6,,0,Arepo-Medtech/makoha-spec,974352db0acb01a8dcf0c421bcd4316ddfc889a8,UNASSESSED,,,,,,,Docpipe family/phase heuristic; verify semantic definition and scope.
VAL-107,6,,0,Arepo-Medtech/makoha-spec,974352db0acb01a8dcf0c421bcd4316ddfc889a8,UNASSESSED,,,,,,,Docpipe family/phase heuristic; verify semantic definition and scope.
VAL-108,6,,0,Arepo-Medtech/makoha-spec,974352db0acb01a8dcf0c421bcd4316ddfc889a8,UNASSESSED,,,,,,,Docpipe family/phase heuristic; verify semantic definition and scope.
VAL-109,6,,0,Arepo-Medtech/makoha-spec,974352db0acb01a8dcf0c421bcd4316ddfc889a8,UNASSESSED,,,,,,,Docpipe family/phase heuristic; verify semantic definition and scope.
VAL-110,6,,0,Arepo-Medtech/makoha-spec,974352db0acb01a8dcf0c421bcd4316ddfc889a8,UNASSESSED,,,,,,,Docpipe family/phase heuristic; verify semantic definition and scope.
VAL-111,6,,0,Arepo-Medtech/makoha-spec,974352db0acb01a8dcf0c421bcd4316ddfc889a8,UNASSESSED,,,,,,,Docpipe family/phase heuristic; verify semantic definition and scope.
VAL-112,6,,0,Arepo-Medtech/makoha-spec,974352db0acb01a8dcf0c421bcd4316ddfc889a8,UNASSESSED,,,,,,,Docpipe family/phase heuristic; verify semantic definition and scope.
VAL-113,6,,0,Arepo-Medtech/makoha-spec,974352db0acb01a8dcf0c421bcd4316ddfc889a8,UNASSESSED,,,,,,,Docpipe family/phase heuristic; verify semantic definition and scope.
VAL-114,6,,0,Arepo-Medtech/makoha-spec,974352db0acb01a8dcf0c421bcd4316ddfc889a8,UNASSESSED,,,,,,,Docpipe family/phase heuristic; verify semantic definition and scope.
VAL-115,6,,0,Arepo-Medtech/makoha-spec,974352db0acb01a8dcf0c421bcd4316ddfc889a8,UNASSESSED,,,,,,,Docpipe family/phase heuristic; verify semantic definition and scope.
VAL-116,6,,0,Arepo-Medtech/makoha-spec,974352db0acb01a8dcf0c421bcd4316ddfc889a8,UNASSESSED,,,,,,,Docpipe family/phase heuristic; verify semantic definition and scope.
VAL-118,6,,0,Arepo-Medtech/makoha-spec,974352db0acb01a8dcf0c421bcd4316ddfc889a8,UNASSESSED,,,,,,,Docpipe family/phase heuristic; verify semantic definition and scope.
VAL-119,6,,0,Arepo-Medtech/makoha-spec,974352db0acb01a8dcf0c421bcd4316ddfc889a8,UNASSESSED,,,,,,,Docpipe family/phase heuristic; verify semantic definition and scope.
VAL-121,6,,0,Arepo-Medtech/makoha-spec,974352db0acb01a8dcf0c421bcd4316ddfc889a8,UNASSESSED,,,,,,,Docpipe family/phase heuristic; verify semantic definition and scope.
VAL-122,6,,0,Arepo-Medtech/makoha-spec,974352db0acb01a8dcf0c421bcd4316ddfc889a8,UNASSESSED,,,,,,,Docpipe family/phase heuristic; verify semantic definition and scope.
VAL-123,6,,0,Arepo-Medtech/makoha-spec,974352db0acb01a8dcf0c421bcd4316ddfc889a8,UNASSESSED,,,,,,,Docpipe family/phase heuristic; verify semantic definition and scope.
VAL-124,6,,0,Arepo-Medtech/makoha-spec,974352db0acb01a8dcf0c421bcd4316ddfc889a8,UNASSESSED,,,,,,,Docpipe family/phase heuristic; verify semantic definition and scope.
VAL-125,6,,0,Arepo-Medtech/makoha-spec,974352db0acb01a8dcf0c421bcd4316ddfc889a8,UNASSESSED,,,,,,,Docpipe family/phase heuristic; verify semantic definition and scope.
VAL-126,6,,0,Arepo-Medtech/makoha-spec,974352db0acb01a8dcf0c421bcd4316ddfc889a8,UNASSESSED,,,,,,,Docpipe family/phase heuristic; verify semantic definition and scope.
VAL-127,6,,0,Arepo-Medtech/makoha-spec,974352db0acb01a8dcf0c421bcd4316ddfc889a8,UNASSESSED,,,,,,,Docpipe family/phase heuristic; verify semantic definition and scope.
VAL-128,6,,0,Arepo-Medtech/makoha-spec,974352db0acb01a8dcf0c421bcd4316ddfc889a8,UNASSESSED,,,,,,,Docpipe family/phase heuristic; verify semantic definition and scope.
VAL-129,6,,0,Arepo-Medtech/makoha-spec,974352db0acb01a8dcf0c421bcd4316ddfc889a8,UNASSESSED,,,,,,,Docpipe family/phase heuristic; verify semantic definition and scope.
VAL-130,6,,0,Arepo-Medtech/makoha-spec,974352db0acb01a8dcf0c421bcd4316ddfc889a8,UNASSESSED,,,,,,,Docpipe family/phase heuristic; verify semantic definition and scope.
VAL-131,6,,0,Arepo-Medtech/makoha-spec,974352db0acb01a8dcf0c421bcd4316ddfc889a8,UNASSESSED,,,,,,,Docpipe family/phase heuristic; verify semantic definition and scope.
VAL-132,6,,0,Arepo-Medtech/makoha-spec,974352db0acb01a8dcf0c421bcd4316ddfc889a8,UNASSESSED,,,,,,,Docpipe family/phase heuristic; verify semantic definition and scope.
VAL-133,6,,0,Arepo-Medtech/makoha-spec,974352db0acb01a8dcf0c421bcd4316ddfc889a8,UNASSESSED,,,,,,,Docpipe family/phase heuristic; verify semantic definition and scope.
VAL-134,6,,0,Arepo-Medtech/makoha-spec,974352db0acb01a8dcf0c421bcd4316ddfc889a8,UNASSESSED,,,,,,,Docpipe family/phase heuristic; verify semantic definition and scope.
VAL-135,6,,0,Arepo-Medtech/makoha-spec,974352db0acb01a8dcf0c421bcd4316ddfc889a8,UNASSESSED,,,,,,,Docpipe family/phase heuristic; verify semantic definition and scope.
VAL-136,6,,0,Arepo-Medtech/makoha-spec,974352db0acb01a8dcf0c421bcd4316ddfc889a8,UNASSESSED,,,,,,,Docpipe family/phase heuristic; verify semantic definition and scope.
VAL-137,6,,0,Arepo-Medtech/makoha-spec,974352db0acb01a8dcf0c421bcd4316ddfc889a8,UNASSESSED,,,,,,,Docpipe family/phase heuristic; verify semantic definition and scope.
VAL-138,6,,0,Arepo-Medtech/makoha-spec,974352db0acb01a8dcf0c421bcd4316ddfc889a8,UNASSESSED,,,,,,,Docpipe family/phase heuristic; verify semantic definition and scope.
VAL-139,6,,0,Arepo-Medtech/makoha-spec,974352db0acb01a8dcf0c421bcd4316ddfc889a8,UNASSESSED,,,,,,,Docpipe family/phase heuristic; verify semantic definition and scope.
VAL-140,6,,0,Arepo-Medtech/makoha-spec,974352db0acb01a8dcf0c421bcd4316ddfc889a8,UNASSESSED,,,,,,,Docpipe family/phase heuristic; verify semantic definition and scope.
VAL-141,6,,0,Arepo-Medtech/makoha-spec,974352db0acb01a8dcf0c421bcd4316ddfc889a8,UNASSESSED,,,,,,,Docpipe family/phase heuristic; verify semantic definition and scope.
VAL-142,6,,0,Arepo-Medtech/makoha-spec,974352db0acb01a8dcf0c421bcd4316ddfc889a8,UNASSESSED,,,,,,,Docpipe family/phase heuristic; verify semantic definition and scope.
VAL-143,6,,0,Arepo-Medtech/makoha-spec,974352db0acb01a8dcf0c421bcd4316ddfc889a8,UNASSESSED,,,,,,,Docpipe family/phase heuristic; verify semantic definition and scope.
VAL-144,6,,0,Arepo-Medtech/makoha-spec,974352db0acb01a8dcf0c421bcd4316ddfc889a8,UNASSESSED,,,,,,,Docpipe family/phase heuristic; verify semantic definition and scope.
VAL-145,6,,0,Arepo-Medtech/makoha-spec,974352db0acb01a8dcf0c421bcd4316ddfc889a8,UNASSESSED,,,,,,,Docpipe family/phase heuristic; verify semantic definition and scope.
VAL-146,6,,0,Arepo-Medtech/makoha-spec,974352db0acb01a8dcf0c421bcd4316ddfc889a8,UNASSESSED,,,,,,,Docpipe family/phase heuristic; verify semantic definition and scope.
VAL-147,6,,0,Arepo-Medtech/makoha-spec,974352db0acb01a8dcf0c421bcd4316ddfc889a8,UNASSESSED,,,,,,,Docpipe family/phase heuristic; verify semantic definition and scope.
VAL-148,6,,0,Arepo-Medtech/makoha-spec,974352db0acb01a8dcf0c421bcd4316ddfc889a8,UNASSESSED,,,,,,,Docpipe family/phase heuristic; verify semantic definition and scope.
VAL-149,6,,0,Arepo-Medtech/makoha-spec,974352db0acb01a8dcf0c421bcd4316ddfc889a8,UNASSESSED,,,,,,,Docpipe family/phase heuristic; verify semantic definition and scope.
VAL-150,6,,0,Arepo-Medtech/makoha-spec,974352db0acb01a8dcf0c421bcd4316ddfc889a8,UNASSESSED,,,,,,,Docpipe family/phase heuristic; verify semantic definition and scope.
VAL-151,6,,0,Arepo-Medtech/makoha-spec,974352db0acb01a8dcf0c421bcd4316ddfc889a8,UNASSESSED,,,,,,,Docpipe family/phase heuristic; verify semantic definition and scope.
VAL-152,6,,0,Arepo-Medtech/makoha-spec,974352db0acb01a8dcf0c421bcd4316ddfc889a8,UNASSESSED,,,,,,,Docpipe family/phase heuristic; verify semantic definition and scope.
VAL-153,6,,0,Arepo-Medtech/makoha-spec,974352db0acb01a8dcf0c421bcd4316ddfc889a8,UNASSESSED,,,,,,,Docpipe family/phase heuristic; verify semantic definition and scope.
VAL-154,6,,0,Arepo-Medtech/makoha-spec,974352db0acb01a8dcf0c421bcd4316ddfc889a8,UNASSESSED,,,,,,,Docpipe family/phase heuristic; verify semantic definition and scope.
VAL-155,6,,0,Arepo-Medtech/makoha-spec,974352db0acb01a8dcf0c421bcd4316ddfc889a8,UNASSESSED,,,,,,,Docpipe family/phase heuristic; verify semantic definition and scope.
VAL-156,6,,0,Arepo-Medtech/makoha-spec,974352db0acb01a8dcf0c421bcd4316ddfc889a8,UNASSESSED,,,,,,,Docpipe family/phase heuristic; verify semantic definition and scope.
VAL-157,6,,0,Arepo-Medtech/makoha-spec,974352db0acb01a8dcf0c421bcd4316ddfc889a8,UNASSESSED,,,,,,,Docpipe family/phase heuristic; verify semantic definition and scope.
VAL-158,6,,0,Arepo-Medtech/makoha-spec,974352db0acb01a8dcf0c421bcd4316ddfc889a8,UNASSESSED,,,,,,,Docpipe family/phase heuristic; verify semantic definition and scope.
VAL-159,6,,0,Arepo-Medtech/makoha-spec,974352db0acb01a8dcf0c421bcd4316ddfc889a8,UNASSESSED,,,,,,,Docpipe family/phase heuristic; verify semantic definition and scope.
VAL-160,6,,0,Arepo-Medtech/makoha-spec,974352db0acb01a8dcf0c421bcd4316ddfc889a8,UNASSESSED,,,,,,,Docpipe family/phase heuristic; verify semantic definition and scope.
VAL-161,6,,0,Arepo-Medtech/makoha-spec,974352db0acb01a8dcf0c421bcd4316ddfc889a8,UNASSESSED,,,,,,,Docpipe family/phase heuristic; verify semantic definition and scope.
VAL-162,6,,0,Arepo-Medtech/makoha-spec,974352db0acb01a8dcf0c421bcd4316ddfc889a8,UNASSESSED,,,,,,,Docpipe family/phase heuristic; verify semantic definition and scope.
VAL-163,6,,0,Arepo-Medtech/makoha-spec,974352db0acb01a8dcf0c421bcd4316ddfc889a8,UNASSESSED,,,,,,,Docpipe family/phase heuristic; verify semantic definition and scope.
VAL-164,6,,0,Arepo-Medtech/makoha-spec,974352db0acb01a8dcf0c421bcd4316ddfc889a8,UNASSESSED,,,,,,,Docpipe family/phase heuristic; verify semantic definition and scope.
VAL-166,6,,0,Arepo-Medtech/makoha-spec,974352db0acb01a8dcf0c421bcd4316ddfc889a8,UNASSESSED,,,,,,,Docpipe family/phase heuristic; verify semantic definition and scope.
VAL-167,6,,0,Arepo-Medtech/makoha-spec,974352db0acb01a8dcf0c421bcd4316ddfc889a8,UNASSESSED,,,,,,,Docpipe family/phase heuristic; verify semantic definition and scope.
VAL-168,6,,0,Arepo-Medtech/makoha-spec,974352db0acb01a8dcf0c421bcd4316ddfc889a8,UNASSESSED,,,,,,,Docpipe family/phase heuristic; verify semantic definition and scope.
VAL-169,6,,0,Arepo-Medtech/makoha-spec,974352db0acb01a8dcf0c421bcd4316ddfc889a8,UNASSESSED,,,,,,,Docpipe family/phase heuristic; verify semantic definition and scope.
VAL-170,6,,0,Arepo-Medtech/makoha-spec,974352db0acb01a8dcf0c421bcd4316ddfc889a8,UNASSESSED,,,,,,,Docpipe family/phase heuristic; verify semantic definition and scope.
VAL-171,6,,0,Arepo-Medtech/makoha-spec,974352db0acb01a8dcf0c421bcd4316ddfc889a8,UNASSESSED,,,,,,,Docpipe family/phase heuristic; verify semantic definition and scope.
VAL-172,6,,0,Arepo-Medtech/makoha-spec,974352db0acb01a8dcf0c421bcd4316ddfc889a8,UNASSESSED,,,,,,,Docpipe family/phase heuristic; verify semantic definition and scope.
VAL-173,6,,0,Arepo-Medtech/makoha-spec,974352db0acb01a8dcf0c421bcd4316ddfc889a8,UNASSESSED,,,,,,,Docpipe family/phase heuristic; verify semantic definition and scope.
VAL-174,6,,0,Arepo-Medtech/makoha-spec,974352db0acb01a8dcf0c421bcd4316ddfc889a8,UNASSESSED,,,,,,,Docpipe family/phase heuristic; verify semantic definition and scope.
VAL-175,6,,0,Arepo-Medtech/makoha-spec,974352db0acb01a8dcf0c421bcd4316ddfc889a8,UNASSESSED,,,,,,,Docpipe family/phase heuristic; verify semantic definition and scope.
VAL-176,6,,0,Arepo-Medtech/makoha-spec,974352db0acb01a8dcf0c421bcd4316ddfc889a8,UNASSESSED,,,,,,,Docpipe family/phase heuristic; verify semantic definition and scope.
VAL-178,6,,0,Arepo-Medtech/makoha-spec,974352db0acb01a8dcf0c421bcd4316ddfc889a8,UNASSESSED,,,,,,,Docpipe family/phase heuristic; verify semantic definition and scope.
VAL-179,6,,0,Arepo-Medtech/makoha-spec,974352db0acb01a8dcf0c421bcd4316ddfc889a8,UNASSESSED,,,,,,,Docpipe family/phase heuristic; verify semantic definition and scope.
VAL-180,6,,0,Arepo-Medtech/makoha-spec,974352db0acb01a8dcf0c421bcd4316ddfc889a8,UNASSESSED,,,,,,,Docpipe family/phase heuristic; verify semantic definition and scope.
VAL-181,6,,0,Arepo-Medtech/makoha-spec,974352db0acb01a8dcf0c421bcd4316ddfc889a8,UNASSESSED,,,,,,,Docpipe family/phase heuristic; verify semantic definition and scope.
VAL-182,6,,0,Arepo-Medtech/makoha-spec,974352db0acb01a8dcf0c421bcd4316ddfc889a8,UNASSESSED,,,,,,,Docpipe family/phase heuristic; verify semantic definition and scope.
VAL-183,6,,0,Arepo-Medtech/makoha-spec,974352db0acb01a8dcf0c421bcd4316ddfc889a8,UNASSESSED,,,,,,,Docpipe family/phase heuristic; verify semantic definition and scope.
VAL-184,6,,0,Arepo-Medtech/makoha-spec,974352db0acb01a8dcf0c421bcd4316ddfc889a8,UNASSESSED,,,,,,,Docpipe family/phase heuristic; verify semantic definition and scope.
VAL-185,6,,0,Arepo-Medtech/makoha-spec,974352db0acb01a8dcf0c421bcd4316ddfc889a8,UNASSESSED,,,,,,,Docpipe family/phase heuristic; verify semantic definition and scope.
VAL-186,6,,0,Arepo-Medtech/makoha-spec,974352db0acb01a8dcf0c421bcd4316ddfc889a8,UNASSESSED,,,,,,,Docpipe family/phase heuristic; verify semantic definition and scope.
VAL-187,6,,0,Arepo-Medtech/makoha-spec,974352db0acb01a8dcf0c421bcd4316ddfc889a8,UNASSESSED,,,,,,,Docpipe family/phase heuristic; verify semantic definition and scope.
VAL-010,6,,0,Arepo-Medtech/makoha-spec,974352db0acb01a8dcf0c421bcd4316ddfc889a8,UNASSESSED,,,,,,,Docpipe family/phase heuristic; verify semantic definition and scope.
VAL-019,6,,0,Arepo-Medtech/makoha-spec,974352db0acb01a8dcf0c421bcd4316ddfc889a8,UNASSESSED,,,,,,,Docpipe family/phase heuristic; verify semantic definition and scope.
VAL-026,6,,0,Arepo-Medtech/makoha-spec,974352db0acb01a8dcf0c421bcd4316ddfc889a8,UNASSESSED,,,,,,,Docpipe family/phase heuristic; verify semantic definition and scope.
VAL-038,6,,0,Arepo-Medtech/makoha-spec,974352db0acb01a8dcf0c421bcd4316ddfc889a8,UNASSESSED,,,,,,,Docpipe family/phase heuristic; verify semantic definition and scope.
VAL-050,6,,0,Arepo-Medtech/makoha-spec,974352db0acb01a8dcf0c421bcd4316ddfc889a8,UNASSESSED,,,,,,,Docpipe family/phase heuristic; verify semantic definition and scope.
VAL-055,6,,0,Arepo-Medtech/makoha-spec,974352db0acb01a8dcf0c421bcd4316ddfc889a8,UNASSESSED,,,,,,,Docpipe family/phase heuristic; verify semantic definition and scope.
VAL-094,6,,0,Arepo-Medtech/makoha-spec,974352db0acb01a8dcf0c421bcd4316ddfc889a8,UNASSESSED,,,,,,,Docpipe family/phase heuristic; verify semantic definition and scope.
VAL-117,6,,0,Arepo-Medtech/makoha-spec,974352db0acb01a8dcf0c421bcd4316ddfc889a8,UNASSESSED,,,,,,,Docpipe family/phase heuristic; verify semantic definition and scope.
VAL-120,6,,0,Arepo-Medtech/makoha-spec,974352db0acb01a8dcf0c421bcd4316ddfc889a8,UNASSESSED,,,,,,,Docpipe family/phase heuristic; verify semantic definition and scope.
VAL-165,6,,0,Arepo-Medtech/makoha-spec,974352db0acb01a8dcf0c421bcd4316ddfc889a8,UNASSESSED,,,,,,,Docpipe family/phase heuristic; verify semantic definition and scope.
VAL-177,6,,0,Arepo-Medtech/makoha-spec,974352db0acb01a8dcf0c421bcd4316ddfc889a8,UNASSESSED,,,,,,,Docpipe family/phase heuristic; verify semantic definition and scope.
CND-01,7,,0,Arepo-Medtech/makoha-spec,974352db0acb01a8dcf0c421bcd4316ddfc889a8,UNASSESSED,,,,,,,Docpipe family/phase heuristic; verify semantic definition and scope.
CND-02,7,,0,Arepo-Medtech/makoha-spec,974352db0acb01a8dcf0c421bcd4316ddfc889a8,UNASSESSED,,,,,,,Docpipe family/phase heuristic; verify semantic definition and scope.
CND-09,7,,0,Arepo-Medtech/makoha-spec,974352db0acb01a8dcf0c421bcd4316ddfc889a8,UNASSESSED,,,,,,,Docpipe family/phase heuristic; verify semantic definition and scope.
CND-11,7,,0,Arepo-Medtech/makoha-spec,974352db0acb01a8dcf0c421bcd4316ddfc889a8,UNASSESSED,,,,,,,Docpipe family/phase heuristic; verify semantic definition and scope.
APR-01,7,,0,Arepo-Medtech/makoha-spec,974352db0acb01a8dcf0c421bcd4316ddfc889a8,UNASSESSED,,,,,,,Docpipe family/phase heuristic; verify semantic definition and scope.
CND-03,7,,0,Arepo-Medtech/makoha-spec,974352db0acb01a8dcf0c421bcd4316ddfc889a8,UNASSESSED,,,,,,,Docpipe family/phase heuristic; verify semantic definition and scope.
CND-04,7,,0,Arepo-Medtech/makoha-spec,974352db0acb01a8dcf0c421bcd4316ddfc889a8,UNASSESSED,,,,,,,Docpipe family/phase heuristic; verify semantic definition and scope.
CND-05,7,,0,Arepo-Medtech/makoha-spec,974352db0acb01a8dcf0c421bcd4316ddfc889a8,UNASSESSED,,,,,,,Docpipe family/phase heuristic; verify semantic definition and scope.
CND-06,7,,0,Arepo-Medtech/makoha-spec,974352db0acb01a8dcf0c421bcd4316ddfc889a8,UNASSESSED,,,,,,,Docpipe family/phase heuristic; verify semantic definition and scope.
CND-07,7,,0,Arepo-Medtech/makoha-spec,974352db0acb01a8dcf0c421bcd4316ddfc889a8,UNASSESSED,,,,,,,Docpipe family/phase heuristic; verify semantic definition and scope.
CND-08,7,,0,Arepo-Medtech/makoha-spec,974352db0acb01a8dcf0c421bcd4316ddfc889a8,UNASSESSED,,,,,,,Docpipe family/phase heuristic; verify semantic definition and scope.
CND-10,7,,0,Arepo-Medtech/makoha-spec,974352db0acb01a8dcf0c421bcd4316ddfc889a8,UNASSESSED,,,,,,,Docpipe family/phase heuristic; verify semantic definition and scope.
